GME,AMC,PLTR,RKT,BB,TSLA,ASO,SNDL,VIAC,BTT,KEY,SOS,NIO,HOFV,EV
Front page Slickdeals. GME to the Moon!,February's AMC OTC Data is out: 1.73BN share volume. SYNTHETIC SHARES FOR DAYZZZZZ!!!,PLTR YOLO! will update when it hits $65 by this summer RETARDS ğŸš€,4D Autist Chess. Hoping to buy a house with my RKT tendies. Made $20k in a mini squeeze and back for more ğŸš€ğŸš€ğŸš€,BB.....So youâ€™re sayin thereâ€™s a chance! i guess iâ€™ll just keep adding and hoping. iâ€™ve never made such a big bet on any one stock. itâ€™s either gone be a great April or #ropeğŸ˜‚,7k Loss on TSLA 665p 4/9 - From Michael Beary ğŸ» to Michael Begging ğŸ˜±,ASO Short Info for the squeeze,SNDL... Is there hope for this?,VIAC - Are we at the end of the massive selling ?,Take that shit to BTT ğŸ’ªğŸ’°ğŸ¦ BTT Gang strong as fuck,TONES AND I - DANCE MONKEY (OFFICIAL VIDEO),"$SOS, $RIOT Competitor, Extremely Undervalued. High Short Interest!",NIO testing EVs in Cali,HOFV YOLO 4/5/21 (I like the stock),AMC IS MORE BULLISH THAN EVER!!!!ğŸ¦ğŸ¦ğŸ¦ğŸ¦ğŸ¦ğŸ¦ğŸŒğŸŒğŸŒğŸŒğŸŒğŸŒğŸŒğŸš€ğŸš€ğŸš€ğŸš€ğŸš€ğŸš€ğŸš€
GME YOLO,"Analyst Upgrades $AMC, Says 'Godzilla vs. Kong' ""Destroys Lingering Concerns Around Theatrical Window""",PLTR,Imagine not laddering here. RKT,"Hey BlackBerry $BB bagholders! If you want to understand your January YOLO a little better since it's probably too red to sell, check this out.","YOLO, TSLA from PerÃº to the moon!",ASO ahort Info for the squeeze,YOLO $SNDL 4/20 $4.20,$VIAC- Credit Suisse Offering 34M Share Block $41.00-42.75 range. Expect further selling pressure tomorrow as $CS looks to unload ~1.4 Billion in stock.,Alrite BTT is great please look at this guys. Little guys need the money,KEYBOARD WARRIORS ASSEMBLE 50K !!!,"$SOS Extremely Undervalued, $RIOT Competitor, High Short Interest!",Why NIO is a must buy EV stock,What do you think $HOFV first NFT will sell for?,$GOEV - Bullish theory - USPS Truck Contract
"GE, not GME fellow apes.",AMC IS MORE BULLISH THAN EVER!!!!ğŸ¦ğŸ¦ğŸ¦ğŸ¦ğŸ¦ğŸ¦ğŸŒğŸŒğŸŒğŸŒğŸŒğŸŒğŸŒğŸš€ğŸš€ğŸš€ğŸš€ğŸš€ğŸš€ğŸš€,Got in PLTR $25 calls for this friday. Put/Call ratio is 36K/224K. Let's discuss what happens when we see huge skew in PCR.,Someone Please Eval RKT for me,"Hey BlackBerry $BB bagholders! If you want to understand your January YOLO a little better since it's probably too red to sell, check this out.",7k Loss on TSLA 665p 4/9 - From Michael Beary ğŸ» to Michael Begging ğŸ˜±,YOLO Update 4/5: threw my entire account into $ASO calls,SNDL STOCK,$VIAC- Credit Suisse Offering 34M Share Block Trade $41.00-42.75 range. Expect further selling pressure tomorrow as $CS looks to unload ~1.4 Billion in stock.,BTT the real peopleâ€™s coin!! ğŸš€ğŸš€ğŸš€ğŸš€ğŸš€,$$Caduceus {BUY} {CSOC} $Caduceus MOMMY SAY'S BIG GAMMA SQUEEZE IS CUMMIN N HER DEEP HOLES ğŸ•³ï¸ ğŸ•³ï¸ MOMMY'S SAYS IF KEY CATALYST WILL MAKE BIG PRICE INCREASE ABD short WILL EVENTUALLY HAVE TO Cover Good morning daddies this good boy right I think me love today me think me ğŸ˜˜ because it's going d,SOS stock,,$HOFV,MY WIFE AND ASSUME HER BOYFRIEND MADE THIS FOR ME TODAY. I THINK SHES A KEEPER DESPITE HER LOW LEVEL MEME SKILLS
"Wife approved: if GME hits $10,000 I can buy my dream model Y Tesla",OMG AMC PLEASE read and buckle your seatbelt!!!!!!!,Bout to go balls deep on PLTR tomorrow,"$ASO: I know this is a casino and I know how much you degenerates like to gamble so I wanted to share what I came across. Broke through the ascending channel, rising OBV, increased volume (but still low), and short interest is 39.41%! Looks like $RKT at the beginning of March! Not Financial Advice!!",$BB to moon?,Them $TSLA deliveries..,"Lot's of good DD on $ASO over the past week. Picking up steam on the sentiment meter, extremely bullish options activity for April 16th. Positions in 2nd screenshot.",Can we ğŸš€ SNDL one more time ğŸ™ğŸ¼ğŸ˜­,$VIAC- Credit Suisse Offering 34M Share Block Trade $41.00-42.75 range. Expect further selling pressure tomorrow as $CS looks to unload ~1.4 Billion in stock.,BTT to the Moonnnnnn,$$Caduceus {BUY} {CSOC} $Caduceus MOMMY SAY'S BIG GAMMA SQUEEZE IS CUMMIN N HER DEEP HOLES ğŸ•³ï¸ ğŸ•³ï¸ MOMMY'S SAYS IF KEY CATALYST WILL MAKE BIG PRICE INCREASE ABD short WILL EVENTUALLY HAVE TO Cover Good morning daddies this good boy right I think me love today me think me ğŸ˜˜ because it's going d,SOS: Sinking ship or star-bound rocket?,,HOFV,$GOEV - Bullish theory - USPS Truck Contract
"GME GameStop did not do stock offering, only that they will sell existing shares when time is right",OMG AMC. PLEASE READ and BUCKLE YOUR SEAT BELT !!!!!,"Gain porn off of Ackman Armageddon day lows. NVDA, MSFT, MA, TWTR combo stock/options timed perfectly. No GME, PLTR, TSLA, or AMC.",RKT man,BB Technical Analysis (BULLISH),"I had to, heh , TSLA sexy","ASO up to $33.20 AH, Let's GO!!!",Analysts Pooping on SNDL again - Thoughts?,VIAC YOLO Update - Loaded up on more LEAPS,Moon mission BTT join r/BittorrentToken,$$Caduceus {BUY} {CSOC} $Caduceus MOMMY SAY'S BIG GAMMA SQUEEZE IS CUMMIN N HER DEEP HOLES ğŸ•³ï¸ ğŸ•³ï¸ MOMMY'S SAYS IF KEY CATALYST WILL MAKE BIG PRICE INCREASE ABD short WILL EVENTUALLY HAVE TO Cover Good morning daddies this good boy right I think me love today me think me ğŸ˜˜ because it's going d,$SOS heavy,,$HOFV,$GOEV - Bullish theory - USPS Truck Contract
February's GME OTC Data is out: 302MM share volume. SYNTHETIC SHARES FOR DAYZZZZZ!!!,AMC GOING TO MARS!!!ğŸ’ğŸ™ŒğŸ¾ğŸ¦,PLTR Short Interest Waning,"What to expect from RKT via chart analysis IMO. Just lines, Iâ€™m not that smart.",BB yolo update 4/5/2021,"Gain porn off of Ackman Armageddon day lows. NVDA, MSFT, MA, TWTR combo stock/options timed perfectly. No GME, PLTR, TSLA, or AMC.",#ASO,"I' am just saying ASXC, SNDL",VIAC and paramount+,ğŸš€BTT on fire?!,$$Caduceus {BUY} {CSOC} $Caduceus MOMMY SAY'S BIG GAMMA SQUEEZE IS CUMMIN N HER DEEP HOLES ğŸ•³ï¸ ğŸ•³ï¸ MOMMY'S SAYS IF KEY CATALYST WILL MAKE BIG PRICE INCREASE ABD short WILL EVENTUALLY HAVE TO Cover Good morning daddies this good boy right I think me love today me think me ğŸ˜˜ because it's going d,Invest in AMERICAN Weed - $MSOS,,HOFV,Yahoo finance pushing FORD due to EV push..... can I get an F in the chat?
GME,"AMC Yolo Update. Still here w/ all 178,727 combined shares.",PLTR demo day,RKT's pivot point in 3rd week of Apr,BB - To infinity and beyond ğŸš€ğŸš€,"Gain porn off of Ackman Armageddon day lows. NVDA, MSFT, MA, TWTR combo stock/options timed perfectly. No GME, TSLA, or AMC.",ASO Simple DD,SNDL and TLRY for 4/20,$VIAC: A potential upside,BTT to the moon apes !!!,$$Caduceus {BUY} {CSOC} $Caduceus MOMMY SAY'S BIG GAMMA SQUEEZE IS CUMMIN N HER DEEP HOLES ğŸ•³ï¸ ğŸ•³ï¸ MOMMY'S SAYS IF KEY CATALYST WILL MAKE BIG PRICE INCREASE ABD short WILL EVENTUALLY HAVE TO Cover Good morning daddies this good boy right I think me love today me think me ğŸ˜˜ because it's going d,Is SOS a short-squeeze candidate?,,Seeking HOFV advice,POWER HOUR EVERYONE THAT SEES THIS MUST BUY INTO GME &amp; AMC
Remember when GME hit $16... ğŸ’ğŸ¦,When GME ğŸ¦ finally meet AMC ğŸ¦ on ğŸª,#PLTR to the marsâ˜„ï¸ğŸš€,RKT Auto - why the market isnâ€™t noticing this?,420 on BB,Followed Tepperâ€™s call and hit the Emini Jackpot (Im short TSLA though ğŸ˜­),$ASO is about to blow,"Montly Fool has been on fire with posting distractions. This article promotes upcoming short squeezes however goes to say GME AMC, SNDL are not squeeze candidates but Fastly, Root and intercept are... nice try","Everytime VIAC goes down, I buy another call",BTT to the moon! ğŸš€ğŸŒ‘,$$Caduceus {BUY} {CSOC} $Caduceus MOMMY SAY'S BIG GAMMA SQUEEZE IS CUMMIN N HER DEEP HOLES ğŸ•³ï¸ ğŸ•³ï¸ MOMMY'S SAYS IF KEY CATALYST WILL MAKE BIG PRICE INCREASE ABD short WILL EVENTUALLY HAVE TO Cover Good morning daddies this good boy right I think me love today me think me ğŸ˜˜ because it's going d,"How I feel about these stocks: SOS, LKCO, CTRM, SENS and JFU!!! Let go!!!",,I've heard various things about $HOFV and NFT.,RVP 10K BEST EVER 1000% YoY EPS
Why I sold ALL my Tesla shares for GME,AMC ğŸ™ŒğŸ¿ğŸš€ğŸ¦,"PLTR ""DOUBLE CLICK"" DAY PLAY, PART 2, YES I DOUBLE DOWNED",RKT Auto - why the market isnâ€™t noticing this?,BB rocketship?,TSLA TO $1500 ğŸš€ğŸ’°,ASO potential short squeeze,Stock newb SNDL advice,VIAC LONG POTENTIAL,BTT coin blowing up. Gone from .002 to .011$ this week alone.,$$Caduceus {BUY} {CSOC} $Caduceus MOMMY SAY'S BIG GAMMA SQUEEZE IS CUMMIN N HER DEEP HOLES ğŸ•³ï¸ ğŸ•³ï¸ MOMMY'S SAYS IF KEY CATALYST WILL MAKE BIG PRICE INCREASE ABD short WILL EVENTUALLY HAVE TO Cover Good morning daddies this good boy right I think me love today me think me ğŸ˜˜ because it's going d,https://www.reddit.com/r/SOSStock/comments/mi7a78/speculated_number_of_future_mining_rigs_and/?utm_source=share&amp;utm_medium=ios_app&amp;utm_name=iossmf,,HOFV,GOEV - canoo. What is the deal?!? Good or bad
Shareholders Meeting for GME,How to lose $110B in 5 days: ğŸ¬ğŸŒ ğŸ¬ coming to an AMC near you!! ğŸ¬ğŸŒ ğŸ¬,PLTR$$,RKT's pivot point in 3rd week of Apr,Gay Mods don't want you to see this BB DD,YOLOing on TSLA,ASO you have not missed the boat huge potential!,"SNDL, and why the options chain matters.",ViacomCBS: Fasten Your Seatbelt And Prepare For Takeoff (VIAC),BTT Bittorrent Token will be your FOMO of the week after looking at this week's price.,$$Caduceus {BUY} {CSOC} $Caduceus MOMMY SAY'S BIG GAMMA SQUEEZE IS CUMMIN N HER DEEP HOLES ğŸ•³ï¸ ğŸ•³ï¸ MOMMY'S SAYS IF KEY CATALYST WILL MAKE BIG PRICE INCREASE ABD short WILL EVENTUALLY HAVE TO Cover Good morning daddies this good boy right I think me love today me think me ğŸ˜˜ because it's going d,,,HOFV reported 103.5% short interest. Iâ€™m putting in for another possible short squeeze,ROCKETS EVERYWHERE FOR BITTORRENT ğŸš€ğŸš€ğŸš€ğŸš€ THE NEE GAMESTOP? Hmm ğŸ¤”
Got My Stimmie! Guess you is buying 2800 more worth GME!,"This guy is the worst day trader ever (published before open today) - ""The 5 Worst Reasons to Buy AMC Entertainment Stock | The Motley Fool""",PLTR DD,"What ever happened to RKT, AMC, BB, SNDL, etc?",$BB Positive Outlook Taking Root,TSLA vs ICLN,JACKED TO THE TITS ON $ASO RN!! GET IN BEFORE THE SQUEEZE!! NOT FINANCIAL ADVICE!!!!,Anyone in here holding SNDL? Curious to see how many Ppl have shares?,"Time to pause GME.. lets concentrate on AMC, VIACA, etc",BTT Bittorrent Token is Flying Right Now,$$Caduceus {BUY} {CSOC} $Caduceus MOMMY SAY'S BIG GAMMA SQUEEZE IS CUMMIN N HER DEEP HOLES ğŸ•³ï¸ ğŸ•³ï¸ MOMMY'S SAYS IF KEY CATALYST WILL MAKE BIG PRICE INCREASE ABD short WILL EVENTUALLY HAVE TO Cover Good morning daddies this good boy right I think me love today me think me ğŸ˜˜ because it's going d,,,$HOFV,EVFM TO THE MOON
Iâ€™ve diagnosed what all us GME shareholders are suffering from (apart from autism).,$AMC whats your best memory at the Theater?! ğŸ’ğŸ™ŒğŸ¦ğŸ’ªğŸš€ğŸš€ğŸš€ğŸš€,PLTR DD,3K RKT YOLO Play - I dunno what I'm doing,AABB,"Tesla (TSLA) surges on Wall Street digesting delivery results, and new bull run is in sight","$ASO: I know this is a casino and I know how much you degenerates like to gamble so I wanted to share what I came across. Broke through the ascending channel, rising OBV, increased volume (but still low), and short interest is 39.41%! Looks like $RKT at the beginning of March! Not Financial Advice!!",I own 178 buy contacts of SNDL,VIACA is the play,All buy BTT its going viral #yolo,"STONKEY-APE OUR STONK GAME! I MADE IT SO I HAVE SOMETHING TO DO DURING THE HODLING THE LINE! (YOU CAN FIND IT ON APPSTORE, ANDROID COMING SOON )",,,Let's talk HOFV,EVFM TO THE MOON
Historical inflation rates indicate GME is a strong buy,I knew it! #AMC,PLTR DD,,Insiders Buying..BB,TSLA effective short interest could be as high as 26% - potential incoming short squeeze,"Took a few flyers on $30, $35, and $40 ASO calls on Thursday. Woke up to some nice gains today! Not bad for 24 hrs of trading gains.","SNDL, and why the options chain matters.",Hypothetical VIAC scenario,BTT coin to be used by banks,$$Caduceus {BUY} {CSOC} $Caduceus MOMMY SAY'S BIG GAMMA SQUEEZE IS CUMMIN N HER DEEP HOLES ğŸ•³ï¸ ğŸ•³ï¸ MOMMY'S SAYS IF KEY CATALYST WILL MAKE BIG PRICE INCREASE ABD short WILL EVENTUALLY HAVE TO Cover Good morning daddies this good boy right I think me love today me think me ğŸ˜˜ because it's going d,,,So what is HOFV and what's been going on so far?,"Thoughts on BBD.B, CSTR, GDNP, GOEV or HIVE?"
CRAMER CALLS OUT WSB BY NAME!!! SAYS GME IS DEAD N WE AINT NOTHING BUT DUMB APES ğŸ¦ AND TO BUY FRACTIONS INSTEAD ğŸ˜‚ HE CAN SUCK MY ğŸ’ ğŸ† FOR ALL I CARE! I LIKE THE STOCK!,$AMC what's your best memories at the theater?,$PLTR,,$BB,DD: TSLA real short interest as high as 26%? Short squeeze incoming?,$ASO creeping up for a squeeze,"Short Interest Rate GME,AMC,SNDL",Here's why VIAC is setting up for a strong rebound,BTT to the moon ğŸŒ™ ğŸš€ğŸ‘¨â€ğŸš€ğŸš€,$$Caduceus {BUY} {CSOC} $Caduceus MOMMY SAY'S BIG GAMMA SQUEEZE IS CUMMIN N HER DEEP HOLES ğŸ•³ï¸ ğŸ•³ï¸ MOMMY'S SAYS IF KEY CATALYST WILL MAKE BIG PRICE INCREASE ABD short WILL EVENTUALLY HAVE TO Cover Good morning daddies this good boy right I think me love today me think me ğŸ˜˜ because it's going d,,,Here's some DD our community has gathered for HOFV to answer questions about what has been happening so far... ğŸ™ŒğŸ¼ğŸ’ğŸ˜ğŸš€ğŸš€ğŸš€,NIO testing EVs in Cali
"I was a WSB daily Reddit man when you friends told me how MU was going to the Moon ğŸš€ğŸŒ™ in 2017. One of my of worst purchases ever, luckily I got out quick. Back in the daily reads due to GME etc. has been so interesting","â€œWell going back to Reddit, I am more a fan of apes more than I am of lizardsâ€ - AMC CEO on Fox Business ğŸ¦","PLTR just got the rumored contract with DoE confirmed, valued at 89Mil!",,"Thoughts on BBD.B, CSTR, GDNP, GOEV or HIVE?","Buying my first share $TSLA, i had to make it special thats why im buying Tesla, Pls take me to the moon ğŸš€ğŸš€ğŸŒ’ ... Iâ€™m I doing it right?",ASO Short Interest. Just wait till Dems try passing gun restrictions ğŸš€,"Anybody else getting a workout from holding all the SNDL bags? If it drops Monday, Iâ€™m doubling down ahead of 4/20. Green stocks are bound to see some love.",Here's why VIAC is setting up for a strong rebound,BTT 700% in the last week... Buy and HoldğŸš€ğŸš€ and enjoy the money,$$Caduceus {BUY} {CSOC} $Caduceus MOMMY SAY'S BIG GAMMA SQUEEZE IS CUMMIN N HER DEEP HOLES ğŸ•³ï¸ ğŸ•³ï¸ MOMMY'S SAYS IF KEY CATALYST WILL MAKE BIG PRICE INCREASE ABD short WILL EVENTUALLY HAVE TO Cover Good morning daddies this good boy right I think me love today me think me ğŸ˜˜ because it's going d,,,$HOFV,WHEN GME HITS 300 AGAIN AND I BREAK EVEN
"Itty Bitty ğŸŒˆğŸ» Loss Porn (better resolution this time?) Yes this is small, but its all I have to work with. And yes I have a big 6 $GME in my equally tiny Roth IRA. Fore away with what you would do with this.",POWER HOUR EVERYONE THAT SEES THIS MUST BUY INTO GME &amp; AMC,"PLTR just got the rumored contract with DoE confirmed, valued at 89Mil!",,Hey guys what about BB???? ğŸ˜©ğŸ˜©ğŸ˜©,"$TSLA is going to the moon lady and gents! Im doing my part, lets see who else loves this community! Post your purchase!",ASO Updated Short Interest.,About SNDL stocks,VIAC and VIACA - now significantly undervalued,BTT TO THE MOON! ğŸš€ğŸš€,$$Caduceus {BUY} {CSOC} $Caduceus MOMMY SAY'S BIG GAMMA SQUEEZE IS CUMMIN N HER DEEP HOLES ğŸ•³ï¸ ğŸ•³ï¸ MOMMY'S SAYS IF KEY CATALYST WILL MAKE BIG PRICE INCREASE ABD short WILL EVENTUALLY HAVE TO Cover Good morning daddies this good boy right I think me love today me think me ğŸ˜˜ because it's going d,,,HOFV manipulation,I like EV stocks
"Itty Bitty Loss Porn ğŸŒˆğŸ» (Yes I realize this isnt much, but its all Ive got. And yes I do have a big 6 of $GME in my equally tiny Roth IRA). Fire away on what you would do with this. #TradingLikeaNewb",AMC upgraded as â€˜Godzilla vs. Kongâ€™ renews confidence in the domestic box office,PLTR - Possible big catalyst in the coming future,,YOU READY FOR THIS SABBY? ğŸ™ŒğŸ¼ğŸ’ğŸ˜ğŸš€ğŸš€ğŸš€,"I dont have much, but i did what i could for now. $TSLA to the MOON!!!! ğŸš€ ğŸŒ™",#ASO is a perfect Reddit stock I made $7k in less than a week,Brother Apes! ğŸ¦ Thoughts on SNDL???,VIAC DD - WATER OF LIFE/HEALING SPELL for the retards downed and wounded from battling the hedgies,"I have made quite the buck out of BTT lately, there are a lot of people spreading the word about BTT and want to replicate what happened with the dog coin, do you guys think this is possible? Itâ€™s estimated to reach $0.10 by the end of the year, I want to hear some opinions!",$$Caduceus {BUY} {CSOC} $Caduceus MOMMY SAY'S BIG GAMMA SQUEEZE IS CUMMIN N HER DEEP HOLES ğŸ•³ï¸ ğŸ•³ï¸ MOMMY'S SAYS IF KEY CATALYST WILL MAKE BIG PRICE INCREASE ABD short WILL EVENTUALLY HAVE TO Cover Good morning daddies this good boy right I think me love today me think me ğŸ˜˜ because it's going d,,,HOFV Rocket to moon,Why NIO is a must buy EV stock
My GME shares are MIA/Stolen. HELP!!!,LETS BOOST AMC,PLTR - Possible big catalyst from banks - CFPB Warns to avoid foreclosures last week,,FUCK SABBY,LEAKED: Footage of Elon Musk releasing $TSLA delivery figures for Q1 2021,"$ASO bought some gear for my beach trip last week, and some more $ASOğŸŒ‹ğŸŒ‹ğŸŒ‹ğŸŒ‹ğŸŒ‹ğŸŒ‹ğŸŒ‹ğŸŒ‹ğŸŒ‹ğŸŒ‹ğŸŒ‹ğŸŒ‹ğŸŒ‹ğŸŒ‹","What ever happened to RKT, AMC, BB, SNDL, etc?",VIAC - help is needed,"Iâ€™ve made $90.00 off BTT in these past days, what are your opinions on the coin? Some say it will reach $0.10 by the end of the year!",$$Caduceus $Caduceus MOMMY SAY'S BIG GAMMA SQUEEZE IS CUMMIN N HER DEEP HOLES ğŸ•³ï¸ ğŸ•³ï¸ MOMMY'S SAYS IF KEY CATALYST WILL MAKE BIG PRICE INCREASE ABD short WILL EVENTUALLY HAVE TO Cover Good morning daddies this good boy right I think me love today me think me ğŸ˜˜ because it's going down like when me g,,,"LISTEN UP YOU CRAYON EATING DINGLEBERRIES : $HOFV can TKAT x2 with the help of fellow apes. ( not a short/ hedge , Iâ€™m in GME as well ) we need you ğŸ¦ apes to push this thing to the moon. Fighting the shorts for weeks, letâ€™s send em packinâ€™",$GEVO - Any advice if I should continue to hold or sell
When GME ğŸ¦ finally meet AMC ğŸ¦ on ğŸª,"Gain porn off of Ackman Armageddon day lows. NVDA, MSFT, MA, TWTR combo stock/options timed perfectly. No GME, PLTR, TSLA, or AMC.",PLTR - Potential huge catalyst from banks,,CASHHAND COIN ROBBERY ON HOTBIT.io,$TSLA has been getting hyped all weekend... Iâ€™m getting the feeling this week will be historic .. Wouldnâ€™t be surprised if this stays at 700.. wouldnâ€™t be surprised if it goes back to $900,ASO ğŸš€ its not a lot by comparison but man I missed seeing these gains :â€™),SNDL 4/20,VIAC YOLO Update,Guys BTT,$Caduceus $Caduceus MOMMY SAY'S BIG GAMMA SQUEEZE IS CUMMIN N HER DEEP HOLES ğŸ•³ï¸ ğŸ•³ï¸ MOMMY'S SAYS IF KEY CATALYST WILL MAKE BIG PRICE INCREASE ABD short WILL EVENTUALLY HAVE TO Cover Good morning daddies this good boy right I think me love today me think me ğŸ˜˜ because it's going down like when me go,,,"Listen up all you crayon eating dingleberries! $HOFV can TKAT x2 with all of you apes on board, been fighting $5. WAY OVER-SHORTED. We could x this thing by 10, ( and no Iâ€™m not a short/hedge. Iâ€™m in GME too. ) we make this thing go brrrr for all my fellow diamond handed assholes. ğŸš€",APEs EVERYWHERE!
YOLO - Guh - If GME hits 390 by EOW I'll get a GameStop half sleeve tattoo and document the whole thing. And I'll Hold these shares tighter.,AMC to the moon babyyyy,PLTR Apes from Canada ğŸ‡¨ğŸ‡¦ ğŸ¦,,$BB 5/4 yolo update,Iâ€™m trying to buy a TSLA call on TD Ameritrade but keep getting rejected. Can anybody tell me why this is?,Big Gains this morning on $ASO,,VIAC next short squeeze target? ğŸš€,BTT,$Caduceus $Caduceus MOMMY SAY'S BIG GAMMA SQUEEZE IS CUMMIN N HER DEEP HOLES ğŸ•³ï¸ ğŸ•³ï¸ MOMMY'S SAYS IF KEY CATALYST WILL MAKE BIG PRICE INCREASE ABD short WILL EVENTUALLY HAVE TO Cover Good morning daddies this good boy right I think me love today me think me ğŸ˜˜ because it's going down like when me go,,,"HUGE POTENTIAL, NEED APES HELP TO MOON. $HOFV can x10 with all you crayon eating apes and your wifeâ€™s boyfriends.",ARCHEGOS CAPITAL LOST $110 BILLION IN 5 DAYS USING 500% LEVERAGE
Message from Ape Andy. $GME. Please read !!!,"Gain porn off of Ackman Armageddon day lows. NVDA, MSFT, MA, TWTR combo stock/options timed perfectly. No GME, TSLA, or AMC.",PLTR multiple news articles last weekend. PLTR says it entered into amendment no 11. to revolve credit and incremental agreement. Also received new order !!,,First $BB YOLO update,10 TSLA $750C 6/18 (from the grave),Feels like 2020 all over again waking up to green numbers $ASO,,VIAC - Next short squeeze target? Institutions we are coming ğŸš€,Will TRX hit 1 usd soon after BTT's ATH ?,$Caduceus $Caduceus MOMMY SAY'S BIG GAMMA SQUEEZE IS CUMMIN N HER DEEP HOLES ğŸ•³ï¸ ğŸ•³ï¸ MOMMY'S SAYS IF KEY CATALYST WILL MAKE BIG PRICE INCREASE ABD short WILL EVENTUALLY HAVE TO Cover Good morning daddies this good boy right I think me love today me think me ğŸ˜˜ because it's going down like when me go,,,#HOFV and #Pepsi partership extension,General Motors is the best EV Play of 2021. Price Target $85 Before July.
Message from Ape Andy- $GME. Please read !!!!,Maybe Gamestop could be an ultimate what play? AMC upgraded ğŸš€,$PLTR here with the bullish chart,,Pictures this BBB closing yesterday in Los Angeles near LAX - they opened up a Target next door a few months back. â€œThis store onlyâ€ Do you believe them?,$TSLA Gang: Moonday Moon Mission,$ASO Yolo Gains,,Bought some VIAC - It felt fine.,BTT in the last 12 month FYI,$Caduceus $Caduceus MOMMY SAY'S BIG GAMMA SQUEEZE IS CUMMIN N HER DEEP HOLES ğŸ•³ï¸ ğŸ•³ï¸ MOMMY'S SAYS IF KEY CATALYST WILL MAKE BIG PRICE INCREASE ABD short WILL EVENTUALLY HAVE TO Cover Good morning daddies this good boy right I think me love today me think me ğŸ˜˜ because it's going down like when me go,,,$HOFV needs LOVE!!,WHY IS THERE RECORD BREAKING LEVEL OF GOLD IMPORTS IN USA DURING 2020 ADMIST OF LOCKDOWN?
When do the GME shorts have to be covered?,AMC for GME,PLTR multiple news articles last weekend. PLTR says it entered into amendment no 11. to revolve credit and incremental agreement. Also received new order !!,,For Apes in Canada!! ğŸ¦ all my TFSA life savings into BB and AMC,$TSLA: Bear Roast on the menu this week,Academy Sports #ASO,,,Anyone check out BTT,$Caduceus $Caduceus MOMMY SAY'S BIG GAMMA SQUEEZE IS CUMMIN N HER DEEP HOLES ğŸ•³ï¸ ğŸ•³ï¸ MOMMY'S SAYS IF KEY CATALYST WILL MAKE BIG PRICE INCREASE ABD short WILL EVENTUALLY HAVE TO Cover Good morning daddies this good boy right I think me love today me think me ğŸ˜˜ because it's going down like when me go,,,$HOFV,$$Caduceus {BUY} {CSOC} $Caduceus MOMMY SAY'S BIG GAMMA SQUEEZE IS CUMMIN N HER DEEP HOLES ğŸ•³ï¸ ğŸ•³ï¸ MOMMY'S SAYS IF KEY CATALYST WILL MAKE BIG PRICE INCREASE ABD short WILL EVENTUALLY HAVE TO Cover Good morning daddies this good boy right I think me love today me think me ğŸ˜˜ because it's going d
"I'll buy 10,000 shares of $GME if someone can give me a good reason why the MOASS has not happened yet despite short interest dropping from 140% to 18%","Not FUD! We just have to understand their tactics!! First AMC Share dilution, now GME? They forget we are Autist Apes and all we know if Buy and HODL.",New PLTR filing 8-k,,[$BB] The emerging tech cold war between the US and China could be another growth catalyst for Blackberry,In honor of Elon and his ride back to ATH and richest man. My 150k bet on TSLA I bought 1 minute before market close on Thursday,ğŸš€ğŸš€ ASO ğŸš€ğŸš€ Analysis from Reddit,,,"BTT going higher and higher, people are saying itâ€™s going to reach $1 soon, everyone on the project is going to share on social media, letâ€™s hop on",$Caduceus $Caduceus MOMMY SAY'S BIG GAMMA SQUEEZE IS CUMMIN N HER DEEP HOLES ğŸ•³ï¸ ğŸ•³ï¸ MOMMY'S SAYS IF KEY CATALYST WILL MAKE BIG PRICE INCREASE ABD short WILL EVENTUALLY HAVE TO Cover Good morning daddies this good boy right I think me love today me think me ğŸ˜˜ because it's going down like when me go,,,,$$Caduceus {BUY} {CSOC} $Caduceus MOMMY SAY'S BIG GAMMA SQUEEZE IS CUMMIN N HER DEEP HOLES ğŸ•³ï¸ ğŸ•³ï¸ MOMMY'S SAYS IF KEY CATALYST WILL MAKE BIG PRICE INCREASE ABD short WILL EVENTUALLY HAVE TO Cover Good morning daddies this good boy right I think me love today me think me ğŸ˜˜ because it's going d
Which $GME ape are you?,Might be biased here but I think people are overlooking and underestimating AMC's market value irrelevant to their market cap.,"PLTR paid off their debt and doubled their credit. Credit Suisse, Morgan Stanley and Royal Bank of Scotland of Canada just doubled PLTTâ€™s credit line!!",,[$BB] The emerging tech cold war between the US and China could be another growth catalyst for Blackberry,$TSLA Gang: Moonday Moon Mission,$ASO is a powder keg &amp; will blow soon,,,Bittorrent (BTT),$Caduceus $Caduceus MOMMY SAY'S BIG GAMMA SQUEEZE IS CUMMIN N HER DEEP HOLES ğŸ•³ï¸ ğŸ•³ï¸ MOMMY'S SAYS IF KEY CATALYST WILL MAKE BIG PRICE INCREASE ABD short WILL EVENTUALLY HAVE TO Cover Good morning daddies this good boy right I think me love today me think me ğŸ˜˜ because it's going down like when me go,,,,BETTER LATE THEN NEVER!!
GME Weeklies YOLO ğŸ˜… Guys please give me some confirmation bias - feeling pretty ğŸŒˆğŸŒˆ,Stop claiming you have ğŸ’ ğŸ¤š Show the proof My ğŸ’â€™s are big How bout yoursğŸ‘€ğŸ¤« $marzoo tell ya mom cash app me so i can buy more shares ğŸ˜ˆğŸš€ğŸš€ğŸš€ğŸš€ğŸš€ğŸš€ AMC YOLO,Here me out on PLTR,,[$BB] The emerging tech cold war between the US and China could be another growth catalyst for Blackberry,I WILL YOLO $13M ON $TSLA,$ASO DD Update - Remains Criminally Undervalued,,,BTT the next opportunity,$Caduceus $Caduceus MOMMY SAY'S BIG GAMMA SQUEEZE IS CUMMIN N HER DEEP HOLES ğŸ•³ï¸ ğŸ•³ï¸ MOMMY'S SAYS IF KEY CATALYST WILL MAKE BIG PRICE INCREASE ABD short WILL EVENTUALLY HAVE TO Cover Good morning daddies this good boy right I think me love today me think me ğŸ˜˜ because it's going down like when me go,,,,BETTER LATE THEN NEVER!!
GME â€” $2.02 billion interest. Just HOLD. ğŸ¦ğŸ¦ğŸ¦ğŸš€ğŸš€ğŸš€,"Sold all my positions in BA, NCLH, and CCL to go all in AMC. Not much but it's honest work","PLTR paid off its debt and doubled its credit. Credit Suisse, Morgan Stanley, &amp; Royal Bank of Canada just doubled PLTRâ€™s credit line.",,[$BB] The emerging tech cold war between the US and China might be another growth catalyst for Blackberry,"Thinking about jumping into $TSLA, $KO, â‚¬IDR and the hype wave Safemoon thing. What do you guys think about that?ğŸ™ƒ Any suggestions?ğŸ¤©ğŸš€",REASONS to buy AMC right now. Losing hope or new to the stock?,,,Mooning with BTT / TRX,$Caduceus $Caduceus MOMMY SAY'S BIG GAMMA SQUEEZE IS CUMMIN N HER DEEP HOLES ğŸ•³ï¸ ğŸ•³ï¸ MOMMY'S SAYS IF KEY CATALYST WILL MAKE BIG PRICE INCREASE ABD short WILL EVENTUALLY HAVE TO Cover Good morning daddies this good boy right I think me love today me think me ğŸ˜˜ because it's going down like when me go,,,,Thoughts on Arrival - ARVL. A recently IPO'd EV company.
GME holders...,Nice gain so far today boys ğŸ™ğŸ’ keep buying AMC and GME,"PLTR paid off its debt and doubled its credit. Credit Suisse, Morgan Stanley, &amp; Royal Bank of Canada just doubled PLTRâ€™s credit line.",,what would you think the price and your thoughts if Tesla(TSLA) were to have a partnership with BB (BlackBerry)?,TSLA Yolo 19K (395c 05/21 - 35 contracts),DD for Academy Sports and Outdoors $ASO,,,BTT on Fire ğŸ”¥,,,,,$$Caduceus {BUY} {CSOC} $Caduceus MOMMY SAY'S BIG GAMMA SQUEEZE IS CUMMIN N HER DEEP HOLES ğŸ•³ï¸ ğŸ•³ï¸ MOMMY'S SAYS IF KEY CATALYST WILL MAKE BIG PRICE INCREASE ABD short WILL EVENTUALLY HAVE TO Cover Good morning daddies this good boy right I think me love today me think me ğŸ˜˜ because it's going d
Webull comments on GME,If AMC dips I buy. If AMC surges I HODL. Many Tendies! ğŸ’ ğŸ™ŒğŸ» ğŸ¦ I love the ğŸ¿ ğŸ¥,"PLTR paid off its debt and doubled its credit. Credit Suisse, Morgan Stanley, &amp; Royal Bank of Canada just doubled PLTRâ€™s credit line.",,Waiting for the meme storm to pass while holding BB,TSLA Yolo 19K (395c 05/21 - 35 contracts),Here you go you dumbass apes - ASO stock about to moon.,,,,,,,,$$Caduceus {BUY} {CSOC} $Caduceus MOMMY SAY'S BIG GAMMA SQUEEZE IS CUMMIN N HER DEEP HOLES ğŸ•³ï¸ ğŸ•³ï¸ MOMMY'S SAYS IF KEY CATALYST WILL MAKE BIG PRICE INCREASE ABD short WILL EVENTUALLY HAVE TO Cover Good morning daddies this good boy right I think me love today me think me ğŸ˜˜ because it's going d
"Well Apes, if the YOLO doesnâ€™t pan out GME is hiring at headquarters","Not a superstitious man, but this arrived today and AMC is doing well (and why GME will close green)?",Just watched Max YouTube video on Palantir (PLTR) and Biden connection huge,,Yoloed on BB Blackberry,HOLDING MY TSLA SHARES I BOUGHT RIGHT ON THE PEAK,Here you go you dumbass apes - ASO stock about to moon.,,,,,,,,$$Caduceus {BUY} {CSOC} $Caduceus MOMMY SAY'S BIG GAMMA SQUEEZE IS CUMMIN N HER DEEP HOLES ğŸ•³ï¸ ğŸ•³ï¸ MOMMY'S SAYS IF KEY CATALYST WILL MAKE BIG PRICE INCREASE ABD short WILL EVENTUALLY HAVE TO Cover Good morning daddies this good boy right I think me love today me think me ğŸ˜˜ because it's going d
me when GME hits 69420,"Honestly Stop Saying you have ğŸ’ğŸ¤š show the receipts, my ğŸ¥¥â€™s are big, how bout yours? AMC YOLO",PLTR HUGE NEWS,,BB A great article about how we still don't know much about the latest BB phone,"Last weeks review, Margin calls, Canals, $TSLA, and PMI",ASO Short Squeeze Upcoming,,,,,,,,I wonâ€™t pay for dinners on a date but Iâ€™ll YOLO my bank account into a pre-revenue EV SPAC
My team of retards is currently ranked #1 in an online international investment challenge. Our simious strategy: investing all of our equity on GME.,Can I get a big ğŸ–•to RH in the chat telling us not to buy AMC and GME as they are prime for rising,$PLTR,,$BB on Monday going to be like...,"$TSLA, PMI, and Margin calls",ASO - Academy Sports &amp; Outdoors Short Squeeze,,,,,,,,$$Caduceus {BUY} {CSOC} $Caduceus MOMMY SAY'S BIG GAMMA SQUEEZE IS CUMMIN N HER DEEP HOLES ğŸ•³ï¸ ğŸ•³ï¸ MOMMY'S SAYS IF KEY CATALYST WILL MAKE BIG PRICE INCREASE ABD short WILL EVENTUALLY HAVE TO Cover Good morning daddies this good boy right I think me love today me think me ğŸ˜˜ because it's going d
Apes together strong - $GME,Letâ€™s get AMC Stocks going!!! Do we think AMC will get big like GME?,Palantir Stock is an Undercover Biden Play - If you haven't already seen it Biden himself has previously commended Palantir $PLTR for their work on fraud identification when he was Vice President,,$BB monday going to be like,"This past week in review, PMI, Margin calls, $TSLA, and Canals",ASO Gains,,,,,,,,$$Caduceus {BUY} {CSOC} $Caduceus MOMMY SAY'S BIG GAMMA SQUEEZE IS CUMMIN N HER DEEP HOLES ğŸ•³ï¸ ğŸ•³ï¸ MOMMY'S SAYS IF KEY CATALYST WILL MAKE BIG PRICE INCREASE ABD short WILL EVENTUALLY HAVE TO Cover Good morning daddies this good boy right I think me love today me think me ğŸ˜˜ because it's going d
Decided to play some GME Options instead of just holding all my shares. FML lesson learned.,"AMC Yolo Update. Still here w/ all 178,727 combined shares.",$PLTR Demo Day 4/14,,Love my $BB,LOL #TSLA,ASO STOCK SHORT SQUEEZE,,,,,,,,$$Caduceus {BUY} {CSOC} $Caduceus MOMMY SAY'S BIG GAMMA SQUEEZE IS CUMMIN N HER DEEP HOLES ğŸ•³ï¸ ğŸ•³ï¸ MOMMY'S SAYS IF KEY CATALYST WILL MAKE BIG PRICE INCREASE ABD short WILL EVENTUALLY HAVE TO Cover Good morning daddies this good boy right I think me love today me think me ğŸ˜˜ because it's going d
Options are for Apes too (just not GME),Gamestop could be an ultimateCrypto play. AMC upgraded.,$PLTR Demo Day 4/14,,When you buy BB at $24 peak .. bbruh,Just ordered $5k AUD TSLA. Waiting for markets to open after the bunny weekend.,My extremely bullish DD for $ASO,,,,,,,,$$Caduceus {BUY} {CSOC} $Caduceus MOMMY SAY'S BIG GAMMA SQUEEZE IS CUMMIN N HER DEEP HOLES ğŸ•³ï¸ ğŸ•³ï¸ MOMMY'S SAYS IF KEY CATALYST WILL MAKE BIG PRICE INCREASE ABD short WILL EVENTUALLY HAVE TO Cover Good morning daddies this good boy right I think me love today me think me ğŸ˜˜ because it's going d
GME trying to take advantage of retail investors holding its stock,BUY AMC TO THE MOON,PLTR and AWS,,lowering cost basis $$BB - bargain prices,Tesla (TSLA) and Elon Muskâ€™s Dominance Is Threatened by Volkswagen (PAH3.DE),One of these days I will buy calls... ASO ğŸš€,,,,,,,,$$Caduceus {BUY} {CSOC} $Caduceus MOMMY SAY'S BIG GAMMA SQUEEZE IS CUMMIN N HER DEEP HOLES ğŸ•³ï¸ ğŸ•³ï¸ MOMMY'S SAYS IF KEY CATALYST WILL MAKE BIG PRICE INCREASE ABD short WILL EVENTUALLY HAVE TO Cover Good morning daddies this good boy right I think me love today me think me ğŸ˜˜ because it's going d
Be Aware Of The Scare Tactics/Misinformation being used in GME..,AMC to the moon??,PLTR and AWS,,"What ever happened to RKT, AMC, BB, SNDL, etc?",$TSLA halts production,$ASO,,,,,,,,$$Caduceus {BUY} {CSOC} $Caduceus MOMMY SAY'S BIG GAMMA SQUEEZE IS CUMMIN N HER DEEP HOLES ğŸ•³ï¸ ğŸ•³ï¸ MOMMY'S SAYS IF KEY CATALYST WILL MAKE BIG PRICE INCREASE ABD short WILL EVENTUALLY HAVE TO Cover Good morning daddies this good boy right I think me love today me think me ğŸ˜˜ because it's going d
Close to 70k in debt and somehow i still manage to buy more GME sharesğŸ’†ğŸ¾â€â™‚ï¸,"Analyst Upgrades $AMC, Says 'Godzilla vs. Kong' ""Destroys Lingering Concerns Around Theatrical Window""",PLTR - Supporting my fellow Apes! ğŸš€,,"BB Security for IoT, not just for mobile devices. This is BB's next big play in partnership with AAPL","Tesla continue to outperform..will TSLA stock rise back to $1,000 before end of 2021? Give explanations with charts and/or fundamentals as to why you think so. Thereâ€™s one thing we all know: Elon will continue to sleep in the factory and innovate",Some infos to $ASO,,,,,,,,$$Caduceus {BUY} {CSOC} $Caduceus MOMMY SAY'S BIG GAMMA SQUEEZE IS CUMMIN N HER DEEP HOLES ğŸ•³ï¸ ğŸ•³ï¸ MOMMY'S SAYS IF KEY CATALYST WILL MAKE BIG PRICE INCREASE ABD short WILL EVENTUALLY HAVE TO Cover Good morning daddies this good boy right I think me love today me think me ğŸ˜˜ because it's going d
GME Prime membership has it's perks...,AMC,$PLTR Looks like we might be hitting $30 over the next few weeks,,BBVA will explode with Coinbase April 14th IPO,"Tesla continue to outperform..will TSLA stock rise back to $1,000 before end of 2021? Give explanations with charts and/or fundamentals as to why you think so. Thereâ€™s one thing we all know: Elon will continue to sleep in the factory and innovate",Some $ASO informations,,,,,,,,$$Caduceus {BUY} {CSOC} $Caduceus MOMMY SAY'S BIG GAMMA SQUEEZE IS CUMMIN N HER DEEP HOLES ğŸ•³ï¸ ğŸ•³ï¸ MOMMY'S SAYS IF KEY CATALYST WILL MAKE BIG PRICE INCREASE ABD short WILL EVENTUALLY HAVE TO Cover Good morning daddies this good boy right I think me love today me think me ğŸ˜˜ because it's going d
GME to float more shares...game over?,#AMC back to $30.00,$PLTR YOLO 3k shares,,BB is reinventing itself - Security for IoT - including electric vehicles and your smart home,"Is this mural telling us long MSFT, short TSLA?",ASO since ipoğŸš€ğŸš€ outdoor livingğŸš€ in 2021,,,,,,,,A very important day for this subreddit. HAPPY WORLD AUTISM AWARENESS DAY EVERYONE
Is it time to consider Razer (RAZFF) while GME plays out,AMC upgraded from Neutral to Buy,PLTR YOLO. What do ya think? Lambo or soup kitchen in my future?,,"$BBD Brazilian B**** Dancers, go BullishÂ¿",Is this mural telling us long MSFT short TSLA?,,,,,,,,,$$Caduceus {BUY} {CSOC} $Caduceus MOMMY SAY'S BIG GAMMA SQUEEZE IS CUMMIN N HER DEEP HOLES ğŸ•³ï¸ ğŸ•³ï¸ MOMMY'S SAYS IF KEY CATALYST WILL MAKE BIG PRICE INCREASE ABD short WILL EVENTUALLY HAVE TO Cover Good morning daddies this good boy right I think me love today me think me ğŸ˜˜ because it's going d
POWER HOUR EVERYONE THAT SEES THIS MUST BUY INTO GME &amp; AMC,"Guys please buy some AMC, we are bleeding over here",PLTR YOLO,,Low effort dont care SMD. 50/50 entire portfolio $BB and GME,$TSLA The Passion of the FUD - ğŸ» ğŸ» R Fuk,,,,,,,,,$$Caduceus $Caduceus MOMMY SAY'S BIG GAMMA SQUEEZE IS CUMMIN N HER DEEP HOLES ğŸ•³ï¸ ğŸ•³ï¸ MOMMY'S SAYS IF KEY CATALYST WILL MAKE BIG PRICE INCREASE ABD short WILL EVENTUALLY HAVE TO Cover Good morning daddies this good boy right I think me love today me think me ğŸ˜˜ because it's going down like when me g
GameStop (GME) to B-/Watch Pos. From B-/Watch Stable at S&amp;P,AMC upgraded to BUY -- $13 target,Our latest note on $PLTR,,Someone posted bad new re: BB. So my retarded ass bought 400 shares. Now I ğŸš€ ?,10k on TSLA 665p 4/9 - Call me Michael Beary ğŸ»,,,,,,,,,$Caduceus $Caduceus MOMMY SAY'S BIG GAMMA SQUEEZE IS CUMMIN N HER DEEP HOLES ğŸ•³ï¸ ğŸ•³ï¸ MOMMY'S SAYS IF KEY CATALYST WILL MAKE BIG PRICE INCREASE ABD short WILL EVENTUALLY HAVE TO Cover Good morning daddies this good boy right I think me love today me think me ğŸ˜˜ because it's going down like when me go
$NOK is the new $GME.,AMC UPGRADED!,,,BB...Reckon it will fly anytime soon?,what would you think the price and your thoughts if Tesla(TSLA) were to have a partnership with BB (BlackBerry)?,,,,,,,,,$Caduceus $Caduceus MOMMY SAY'S BIG GAMMA SQUEEZE IS CUMMIN N HER DEEP HOLES ğŸ•³ï¸ ğŸ•³ï¸ MOMMY'S SAYS IF KEY CATALYST WILL MAKE BIG PRICE INCREASE ABD short WILL EVENTUALLY HAVE TO Cover Good morning daddies this good boy right I think me love today me think me ğŸ˜˜ because it's going down like when me go
"Can we all just agree that the GME Netflix documentary needs to be called ""Don't f*ck with kittens""",Elon Musk AMCğŸš€ğŸš€,,,$BB YOLO update: Bought more of that yummy dip! ğŸ˜‹,"GME, but the $TSLA version. DDD (Deep DD). I did the homework so you didn't have to.",,,,,,,,,$Caduceus $Caduceus MOMMY SAY'S BIG GAMMA SQUEEZE IS CUMMIN N HER DEEP HOLES ğŸ•³ï¸ ğŸ•³ï¸ MOMMY'S SAYS IF KEY CATALYST WILL MAKE BIG PRICE INCREASE ABD short WILL EVENTUALLY HAVE TO Cover Good morning daddies this good boy right I think me love today me think me ğŸ˜˜ because it's going down like when me go
"GME to $2,610,510","Time to pause GME.. lets concentrate on AMC, VIACA, etc",,,"Its a bird, its a plane, no its a $450-$750B annual market by 2030. Get In , ...now BB",150k on TSLA $700c 4/9,,,,,,,,,$Caduceus $Caduceus MOMMY SAY'S BIG GAMMA SQUEEZE IS CUMMIN N HER DEEP HOLES ğŸ•³ï¸ ğŸ•³ï¸ MOMMY'S SAYS IF KEY CATALYST WILL MAKE BIG PRICE INCREASE ABD short WILL EVENTUALLY HAVE TO Cover Good morning daddies this good boy right I think me love today me think me ğŸ˜˜ because it's going down like when me go
"Gain porn off of Ackman Armageddon day lows. NVDA, MSFT, MA, TWTR combo stock/options timed perfectly. No GME, PLTR, TSLA, or AMC.","Buying the dips on GME, AMC, and NAKD!!! HF going down!",,,,Predict TSLA price at open on Monday,,,,,,,,,$Caduceus $Caduceus MOMMY SAY'S BIG GAMMA SQUEEZE IS CUMMIN N HER DEEP HOLES ğŸ•³ï¸ ğŸ•³ï¸ MOMMY'S SAYS IF KEY CATALYST WILL MAKE BIG PRICE INCREASE ABD short WILL EVENTUALLY HAVE TO Cover Good morning daddies this good boy right I think me love today me think me ğŸ˜˜ because it's going down like when me go
"Gain porn off of Ackman Armageddon day lows. NVDA, MSFT, MA, TWTR combo stock/options timed perfectly. No GME, TSLA, or AMC.",At first I saw AMC later I saw ğŸš€ Should I buy more AMC ? ğŸ¤£,,,,10k on TSLA 665p 4/9 - Call me Michael Beary ğŸ»,,,,,,,,,$Caduceus $Caduceus MOMMY SAY'S BIG GAMMA SQUEEZE IS CUMMIN N HER DEEP HOLES ğŸ•³ï¸ ğŸ•³ï¸ MOMMY'S SAYS IF KEY CATALYST WILL MAKE BIG PRICE INCREASE ABD short WILL EVENTUALLY HAVE TO Cover Good morning daddies this good boy right I think me love today me think me ğŸ˜˜ because it's going down like when me go
AMC for GME,Got My Tendies - Godzilla vs Kong - $AMC,,,,"Weekly market recap! Margin calls, PMI, and TSLA",,,,,,,,,$Caduceus $Caduceus MOMMY SAY'S BIG GAMMA SQUEEZE IS CUMMIN N HER DEEP HOLES ğŸ•³ï¸ ğŸ•³ï¸ MOMMY'S SAYS IF KEY CATALYST WILL MAKE BIG PRICE INCREASE ABD short WILL EVENTUALLY HAVE TO Cover Good morning daddies this good boy right I think me love today me think me ğŸ˜˜ because it's going down like when me go
Buy the Dip and Hold!!! GME to the MOON!!!,What's next? GME and AMC caused my wife to leave with Rufus the neighbor.,,,,150k on TSLA $700c 4/9,,,,,,,,,$Caduceus $Caduceus MOMMY SAY'S BIG GAMMA SQUEEZE IS CUMMIN N HER DEEP HOLES ğŸ•³ï¸ ğŸ•³ï¸ MOMMY'S SAYS IF KEY CATALYST WILL MAKE BIG PRICE INCREASE ABD short WILL EVENTUALLY HAVE TO Cover Good morning daddies this good boy right I think me love today me think me ğŸ˜˜ because it's going down like when me go
Just bought more GME,AMC to the moon.ğŸ˜¤,,,,"Apparently $GME is the 2nd most coveted stock behind $TSLA, based on the size of their floats and how fast that float is turning over.",,,,,,,,,$Caduceus $Caduceus MOMMY SAY'S BIG GAMMA SQUEEZE IS CUMMIN N HER DEEP HOLES ğŸ•³ï¸ ğŸ•³ï¸ MOMMY'S SAYS IF KEY CATALYST WILL MAKE BIG PRICE INCREASE ABD short WILL EVENTUALLY HAVE TO Cover Good morning daddies this good boy right I think me love today me think me ğŸ˜˜ because it's going down like when me go
"Not FUD! We just have to understand their tactics!! First AMC Share dilution, now GME? They forget we are Autist Apes and all we know if Buy and HODL.",$738 to $4702 in one month thanks to AMC.,,,,"With Papa Musk and TSLA busting a nut all over wallstreet expectations, the only direction form here is mars with brief stop on the moon. ğŸš€",,,,,,,,,RE: EVERY TIME THEY CONTINUE TO NAKED SHORT SHARES (AKA COUNTERFEIT) THEY ARE STEALING FROM THE AMERICAN PEOPLE
ğŸ”¥Helping out my fellow apes in GME! ğŸ¦ğŸš€ ğŸ¦§ğŸ›¸ğŸ¦ğŸ’ğŸ¦§ğŸ’,GME &amp; AMC !!! ğŸš€ ğŸš€ ğŸŒ™ ğŸŒ™ ğŸ’ ğŸ’,,,,$TSLA crushes Q1 deliveries. Get ready for moonday,,,,,,,,,
When GME takes off ğŸš€ğŸš€ğŸš€,Still holding!ğŸ’ğŸ¦Buying more! ğŸš€ğŸŒ— And checking in on the tendies!ğŸ”¥ğŸ”¥ğŸ”¥ Letâ€™s go KONG! #AMC1000,,,,TSLA - Tesla Q1 2021 Vehicle Production &amp; Deliveries,,,,,,,,,
Helping out my fellow apes in GME! Which will SQUEEZE first!!! ğŸš€ğŸ¦ğŸ›¸ğŸ¦ğŸ’ğŸ’ğŸ’,GME &amp; AMC ! ! ! ğŸš€ ğŸš€ ğŸŒ™ ğŸŒ™ ğŸ’ ğŸ’,,,,Someone tell TSLA do that rip thing..Iâ€™m on my last leg..,,,,,,,,,
GME stock offering would ruin the short squeeze,Good for AMC CNK IMAX and rest of exhibitors - Godzilla vs. Kong Shatters Pandemic-Era Opening Weekend Record w/ Gargantuan $32.2M 3-Day/$48.5M 5-Day Debut,,,,If you donâ€™t believe TSLA is the market ğŸ‘‡ 98% long TSLA folio,,,,,,,,,
GME Options Traded - 04/05/2021,We are nearly there. Keep buying till the end @GME @AMC ğŸ¦ğŸ¦ğŸ¦ğŸ¦,,,,Only down 30k overall on TSLA calls now.,,,,,,,,,
GME Discount,Short sellers moving from GME and AMC,,,,Now Iâ€™m only down 30k total on TSLA calls...,,,,,,,,,
Looks like GME posting more hints,AMC to the moon,,,,,,,,,,,,,
why GME is going to 200 (soon),Can someone please make a yes or no poll for AMC stock so when these people look they can see they are truly doomed.,,,,,,,,,,,,,
Money Bags to hold all your GME Cash,"Saw a sign today, AMC = $20 tomorrow confirmed",,,,,,,,,,,,,
Is Nasdaq a GME? Which one of you were asking?,Iâ€™m still keeping 230 AMC @ $12.78 and donâ€™t know what happen tomorrow no clue,,,,,,,,,,,,,
GME confirmed to moon,My brain is very smooth but I want to learn how to trade options /calls for GME and AMC,,,,,,,,,,,,,
Short Squeeze by GME,AMCX,,,,,,,,,,,,,
Get GME stock when you shop at GME (really) through the Bumped app,AMCX,,,,,,,,,,,,,
How it feels to GME in the morning,"In support of AMC: 100,000,000% support ğŸ‘ Godzilla vs Kong. Note: Hold 5000 Shares ğŸ¥°",,,,,,,,,,,,,
"GME Share announcement, 10-k, recall",Petition for AMC recount,,,,,,,,,,,,,
GME MODS ARE COMPROMISED SHILLS,AMC! â€˜Godzilla vs. Kongâ€™ Doubles Expectations with Almost $50 Million on Opening Weekend,,,,,,,,,,,,,
Just joined the GME Train! To the Moon!,AMC ğŸš€ğŸš€ğŸš€,,,,,,,,,,,,,
Nice gain so far today boys ğŸ™ğŸ’ keep buying AMC and GME,Trends are not looking good for GME &amp; AMC,,,,,,,,,,,,,
"Not a superstitious man, but this arrived today and AMC is doing well (and why GME will close green)?",Ape Skillsâ€”Hedgies be Warned! $AMC ğŸš€ğŸš€ğŸš€ğŸš€$GME,,,,,,,,,,,,,
GME Daytrading Simulation,Motley Fool has some interesting Short Squeeze options for us this week. ROOT &amp; ICPT have higher short interest AND will take longer to cover than GME or AMC.,,,,,,,,,,,,,
R/GME compromised?,Spent about $100 on just snacks and drinks $AMC to the MOON ğŸš€ğŸš€ğŸš€ğŸš€ğŸš€ğŸ’ğŸ™ŒğŸ’ğŸ™Œ,,,,,,,,,,,,,
GME share announcement and 10k DD (update from previous post),REASONS to buy AMC right now. Losing hope or new to the stock?,,,,,,,,,,,,,
GME On Public Is Up But Trading Lower ğŸ˜‚ğŸ˜‚,$SIX or AMC?,,,,,,,,,,,,,
Is GME having a Mini Squeeze?,"Im not to smart but I know how to make memes I can contribute that way if itâ€™s ok with You Degenaretes . Apes together , Buying more AMC on Monday ğŸ’ğŸ™ŒğŸ½ğŸ¦ğŸš€ğŸŒš",,,,,,,,,,,,,
Can I get a big ğŸ–•to RH in the chat telling us not to buy AMC and GME as they are prime for rising,AMC Ape Army: Must read.,,,,,,,,,,,,,
Letâ€™s get AMC Stocks going!!! Do we think AMC will get big like GME?,This makes me want to buy more of AMC!,,,,,,,,,,,,,
GME ğŸš€,Good place for resurrection day ! AMC !!!,,,,,,,,,,,,,
GME FUTURES JUST ABOUT DOWN ENOUGH FOR TAKEOFF,AMC Discord,,,,,,,,,,,,,
can i get some love for my $GME gains? ğŸ˜,AMC and GME to the ğŸŒ™ğŸš€ğŸŒ™ğŸš€ğŸŒ™ğŸš€,,,,,,,,,,,,,
GME,Bluto's Motivational AMC Speech. The Only AMC Stock Motivation You Need. Animal House - John Belushi,,,,,,,,,,,,,
Bought 3 more shares of GME at a discount. Getting ready Godzilla VS Kong Kong on matinee discount.,Good action $AMC,,,,,,,,,,,,,
Are we still diamond hands on GME after a billion dollar stock offering?,Good action $AMC,,,,,,,,,,,,,
Ape Andy describes an imaginary scenario leading towards a GME MOASS,Good action $AMC,,,,,,,,,,,,,
Blackrock looking at that 3.5m GME shares,YOLO in deep $NAKD also heavy with $AMC $CTRM $GNOG you in?! Monday Morning on its way! r/Nakd,,,,,,,,,,,,,
ROTH YOLO BOUGHT THE DIP! Are we still only posting GME? $SKLZ BUY THE FUCKING DIP BABYYYYYYY!!!,##BE GREEDY #AMC100k #GME2M,,,,,,,,,,,,,
Took gains from GME paid off my house,Happy Easter Apes #AMC to the Moon the Saga Continues Monday Morning ğŸ°ğŸ¦ğŸš€ğŸŒš,,,,,,,,,,,,,
Every time I see GME dip,"Montly Fool has been on fire with posting distractions. This article promotes upcoming short squeezes however goes to say GME AMC, SNDL are not squeeze candidates but Fastly, Root and intercept are... nice try",,,,,,,,,,,,,
I should have done this a long time ago! I bought 3k more GME right before transfer at the dip. Will that make it take longer to process? Any thoughts would be greatly appreciated! Broke the hundred share barrier! 105 thatâ€™s a lot for me! ğŸš€ğŸ¦ğŸ‘‘ğŸ™,Where to buy AMC shares living in Europe?,,,,,,,,,,,,,
GME holders should go make another sub,"Article from 2014 about Short Attacs, just what we could see happening with AMC",,,,,,,,,,,,,
Elliott Wilke: Is now the new chief growth officer at GameStop and he's starting today! GME to the moon apes!!! ğŸš€ğŸš€ğŸš€ğŸš€ğŸŒ•ğŸŒ•ğŸŒ•ğŸŒ•,Germany ğŸ‡©ğŸ‡ª is still Holding fellow ğŸ¦ AMC and GME / I keep it thoro,,,,,,,,,,,,,
Me whenever I see GME dip,Germany ğŸ‡©ğŸ‡ª is still Holding fellow ğŸ¦ AMC and GME / I keep it thoro,,,,,,,,,,,,,
"GME Megathread for April 05, 2021",Canadian Apes! I am still holding 450 shares of AMC as my only investment in my RRSP account for my retirement. GO GO GO!,,,,,,,,,,,,,
GME will offer their 3.5M shares DURING the squeeze.,For Apes in Canada!! ğŸ¦ all my TFSA life savings into BB and AMC,,,,,,,,,,,,,
"What the fuck is this, apes kkkkk the sell order have been increased and hold is only 33 percent, is this why today the price of GME is low ?",AMC/GameStop we own them..HODL,,,,,,,,,,,,,
What I think of [$GME] fire sale this morning,Watch this and calm down apes! AMC!!!,,,,,,,,,,,,,
How do you feel about airline stocks like AAL or SAVE? These stocks are awfully low and probably in a similar situation as GME?,"Short squeezes take center stage ( GME, AMC...) â“",,,,,,,,,,,,,
"Hello ğŸ‘‹ I have no idea about GME, but it keeps popping up in my feed. I don't really have time to care but I bought $6k worth just so I feel at least part of whatever this is. That's all.",Yolo 50k in AMC,,,,,,,,,,,,,
Best Easter card ever - cash that was included not pictured! Happy Easter to my fellow GME shareholders! ğŸ’ ğŸ° ğŸš€,#AMC TILL THE WHEELS FALL OFF ğŸš˜ğŸš€ğŸŒŠğŸ¥‚ğŸ’ğŸ¦ğŸ’ªğŸ½ğŸ¤Ÿ,,,,,,,,,,,,,
GME sale day,Showing my support AMC ğŸš€,,,,,,,,,,,,,
RECENT COLLEGE GRAD - GME PAY MY DEBT,Yolo 50k in AMC,,,,,,,,,,,,,
What the two major GME announcements mean for smooth-brained apes,Thinking outside the box. I did vote NO on AMC,,,,,,,,,,,,,
[GME] The legendary Triangle broke out to the Downside,Questions about AMC,,,,,,,,,,,,,
[GME] The legendary Triangle broke out to the Downside,Who Rented AMC Private Showing !!! Letâ€™s Go!!!,,,,,,,,,,,,,
GME Bull Flag - Almost to the end and ready for a breakout! Looking good for this week!,my final add on to shares should I do AMC or GME?,,,,,,,,,,,,,
Reuters says GME stock will hit $300!!!ğŸ¤¦ğŸ»â€â™‚ï¸ğŸ’ğŸ™Œ,Betting $450 on AMC going up by 9/17,,,,,,,,,,,,,
"GME Page Is Losing Many Subscribers, All Are Moving To That Super ""Stonk"" page","SEC Form 14 - Transcript of Jim Cramer and Adam Aron, CEO of AMC. ğŸš€ğŸš€ğŸš€",,,,,,,,,,,,,
"GME Page Is Losing Many Subscribers, All Are Moving To The New Stonk Page,",Do you guys think Iâ€™m gonna survive this? Whenâ€™s the squeeze??? AMC to the Moon diamond hands babyğŸ’ğŸ™ŒğŸ» APES FOR LIFE,,,,,,,,,,,,,
"GME Page Is Losing Many Subscribers, All Are Moving To Superstonk,",GME and AMC was a great run but now it's time for something new.,,,,,,,,,,,,,
GME NEEDS TO DIP,AMC STOCK OR STONK,,,,,,,,,,,,,
I'm sure I'm not the only one when looking at $GME pre-market,Ban these motherfucking posts about how high you think AMC will go?,,,,,,,,,,,,,
Needs to be GMEâ€™s new store uniform. Even comes with a custom thank you card for the WSB community,AMC Share Dilution: Don't Let This FAKE NEWS Fool You! || Adam Aron &amp; Jim Cramer Interview,,,,,,,,,,,,,
Mr. Incredible finds out about GME ğŸš€ğŸš€ğŸš€,So what do yâ€™all think about AMC,,,,,,,,,,,,,
"Enough with the delusion. GME is getting diluted- any ""squeeze play"" is off the table now",Anyone here have AMC?,,,,,,,,,,,,,
imma need someone to explain to me whatâ€™s going on w/ GME as if I was 5,Just saw AMC in Singapore ğŸ‡¸ğŸ‡¬,,,,,,,,,,,,,
r/GME is dead! LEAVE! Go to r/superstonk!ğŸ¦ğŸ¦ğŸ¦ğŸ¦ğŸ¦ğŸ¦ğŸ¦ğŸ¦ğŸ¦ğŸ¦ğŸ¦ğŸ¦ğŸ¦ğŸ¦,The Holy Trinity of Acquisitions - Disney and AMC,,,,,,,,,,,,,
GME Daytrading Simulation,CRAZY THEORY-- 5 Month Pattern -- Will AMC Squeeze in July and November??,,,,,,,,,,,,,
Me going to buy more shares of GME because of the dip,"Short Interest Rate GME,AMC,SNDL",,,,,,,,,,,,,
"GME Megathread for April 05, 2021",SH AMC,,,,,,,,,,,,,
GME to Sell Stock...,"""Just buy more AMC and GME""",,,,,,,,,,,,,
R/GME has been compromised I was banned for simply saying the mods need to sort out the situation,"ğŸš€ğŸš€ $800 AMC, $16,000 GME Forecast from Fidelity. MUST SEE ğŸŒğŸ¦",,,,,,,,,,,,,
"Time to pause GME.. lets concentrate on AMC, VIACA, etc","If You Bought AMC, GameStop, or Sundial for a Short Squeeze, I Have Bad News | The Motley Fool",,,,,,,,,,,,,
"GameStop sales rise 11% in February/March, and GME stock price is dipping?? THATâ€™S A BUY FOR MEğŸš€ğŸ’ğŸ¦ğŸš€ğŸ’ğŸ¦ğŸš€ğŸ’ğŸ¦ğŸš€ğŸ’ğŸ¦",Winner! Poured it all into GME and AMC,,,,,,,,,,,,,
I graphed $GME chart on my $PTON. Extremely bullish. ğŸ¦ğŸš€ğŸŒ•,"AMC $800 ,GME 1300$",,,,,,,,,,,,,
GME Price Dropped $27 in Premarket...,"AMC calls down the drain, realise the loss or ride it till expiry?",,,,,,,,,,,,,
"It's almost as if they had this little paragraph ready to be post soon as GME drop, we apes are not afraid. We hold!",AMC will hit 14.50 by 9/17 betting 450,,,,,,,,,,,,,
GameStop (GME) Announces 3.5M Share At-The-Market Equity Offering Program,Will AMC go up by 6/18?,,,,,,,,,,,,,
$GME very interesting article,"Fidelity price forecast updated AMC to $800 and GME to $16,000 PER SHARE",,,,,,,,,,,,,
$GME very interesting article,Sundial Growers &amp; AMC Theaters. Short Squeeze!,,,,,,,,,,,,,
"Marketwatch posts a story about GME ""diving in price"" within seconds of the price dip in low volume premarket",GME &amp; AMC holding like a moâ€™fo,,,,,,,,,,,,,
"There it is. The GME secondary, next step buy the thing we canâ€™t talk about here.","GME...AMC... Now... MovieBloc ! We started the progress of $MBL 2 days in a row. We wonâ€™t stop. Get on the ship, we will need more ğŸ¦ for all the ğŸŒ we gonna have.",,,,,,,,,,,,,
"Marketwatch posts a story about GME ""diving in price"" within seconds of the price dip in low volume premarket",GME...AMC... Now what? $MBL. Letâ€™s engage the MovieBloc Content Platform! We already on it since 2 days. We will need more ğŸŒ &amp; ğŸ¦,,,,,,,,,,,,,
GME STOCK DILUTION,"When the whole world unites! $GME and $AMC ! Donâ€™t believe that people are selling, everyone is holding! Apes together STRONG!",,,,,,,,,,,,,
GME day,Supporting the mission AMC ğŸ¦ğŸš€ğŸŒ™,,,,,,,,,,,,,
"Rensole Censorship on GME, his Post and the Mods who do it TL:DR.",Is this it for AMC? Last chance to bail out the company. Thoughts?,,,,,,,,,,,,,
GME,AMC vote,,,,,,,,,,,,,
GME,I am a fellow GME APE but I did my part for AMC as well ğŸ’ªğŸ¾,,,,,,,,,,,,,
GME DIP incoming ğŸ’ğŸ˜› I WILL BE BUYING MORE and you? ğŸ¦,Huge find for GME and AMC!!,,,,,,,,,,,,,
GME down 6% in PM. Apes think I should invest more?,Diamond Hands in Fortnite! AMC/GME ğŸš€ğŸŒ›ğŸ’ğŸ™Œ,,,,,,,,,,,,,
We kinda GME thread 24/7,Bluto's Motivational AMC Speech. John Belushi - Animal House,,,,,,,,,,,,,
GME down 6% in PM. Apes think I should invest more?,Everyone needs to see this AMC,,,,,,,,,,,,,
*GameStop Announces At-The-Market Equity Offering Program $GME,AMC pitch,,,,,,,,,,,,,
GME down 12% in PM. Apes think I should invest more?,AMC will squeeze stop talking shit on us,,,,,,,,,,,,,
"Buying the dips on GME, AMC, and NAKD!!! HF going down!","Article which talks about potential impact to theater stocks ($AMC, $CNK, etc)",,,,,,,,,,,,,
How it feels when every GME sub is being infiltratedğŸ˜‚ğŸ˜‚ğŸ˜‚,$AMC Stock: Tougher Competition and Elevated Valuation Make AMC a Sell,,,,,,,,,,,,,
May also be a short squeeze happening on this axe in GME store. Disclaimer: I am not a blacksmith.,If this post does well I'll post some loss porn too I guess. This was from January. AMC gains.,,,,,,,,,,,,,
Checking German Pre-Market for GME...... HODL!!,"There are two times in a man's life when he should not speculate: when he can't afford it, and when he can. Mark Twain AMC , GME....TO THE MOON BABY....."" VAMOS A LA LUNA.....ğŸš€ğŸš€ğŸš€ğŸš€ğŸš€ğŸš€ğŸš€ğŸš€",,,,,,,,,,,,,
GME: DONâ€™T RECALL YOUR SHARES (yet),"What ever happened to RKT, AMC, BB, SNDL, etc?",,,,,,,,,,,,,
GME: DONâ€™T SELL YOUR SHARES (yet),I will single handedly raise AMCâ€™s revenue until weâ€™re all hanging out on the moon,,,,,,,,,,,,,
GME: DONâ€™T RECALL YOUR SHARES (yet),AMC,,,,,,,,,,,,,
Its a sign. GME ğŸš€ğŸŒ•,I'm waiting on my AMC. When we gonna play like GME?,,,,,,,,,,,,,
Anyone invested in GME has been robbed if they held shares late January.,AMC,,,,,,,,,,,,,
ARCHEGOS CAPITAL WAS LIQUIDATED OUT OF SHORT POSITION IN SECOND LATE FEBRUARY $GME SHORT SQUEEZE,Hold the line troops ğŸ’• from NZ To all those holding AMC if you need to make money to sustain your positions with AMC holds ect here's an idea not advice or promotion ....Here in New Zealand we putting the payed in pay safe,,,,,,,,,,,,,
What's next? GME and AMC caused my wife to leave with Rufus the neighbor.,POTENTIAL FOR AN AMC ACQUISITION? Adam Aronâ€™s CNBC Interview Breakdown and Why Not to Worry.,,,,,,,,,,,,,
Me chilling while GME subs split and gold fever takes over.,AMC Q2 Sales LETS GO!!,,,,,,,,,,,,,
ğŸ”¥ The Only GME video you need to Explain what to expect Monday,Ideas for AMC to modernize,,,,,,,,,,,,,
ğŸš€ğŸš€ğŸš€ğŸš€ğŸš€GME to the moon!,This ape is playing video games (GME) and going to the movies (AMC) all while being naked.,,,,,,,,,,,,,
Institutional Investors Recently Buying GME and Not Exiting Full Position,"POTENTIAL FOR AN AMC ACQUISITION? Adam Aronâ€™s CNBC Interview Breakdown, Why NOT TO WORRY",,,,,,,,,,,,,
Institutional Investors Buying into GME,AMC is NOT introducing 500M shares on May 4th. The vote on May 4th is for the RIGHT to introduce them.,,,,,,,,,,,,,
Institutional Investors Buying GME?,AMC APRIL FOOLS,,,,,,,,,,,,,
(DD/TA/Catalyst) GME is set to fulfill its second squeeze-cycle this week,AMC,,,,,,,,,,,,,
Why I think GME is not Dead and is Very Alive and Well,AMC: Setting the Record Straight,,,,,,,,,,,,,
(DD/TA) GME is set to fulfill its second squeeze-cycle this week,Another top regulator resigns to go work for Ken Griffin... Itâ€™s like watching Bobby Axelrod in real life. Iâ€™m holding $GME and $AMC as long as I can!,,,,,,,,,,,,,
GME &amp; AMC !!! ğŸš€ ğŸš€ ğŸŒ™ ğŸŒ™ ğŸ’ ğŸ’,Another top regulator resigns to go work for Ken Griffin... Itâ€™s like watching Bobby Axelrod in real life. Iâ€™m holding $GME and $AMC as long as I can!,,,,,,,,,,,,,
GME &amp; AMC ! ! ! ğŸš€ ğŸš€ ğŸŒ™ ğŸŒ™ ğŸ’ ğŸ’,"Humble Retard Apling here, curious about the AMC Share meeting coming up and what it means.",,,,,,,,,,,,,
You have a right to vote on $GME!,Let's just take over AMC,,,,,,,,,,,,,
You have a right to vote on $GME.,Want to get mind blown ğŸ¤¯ for April fools ??? Then read Trumps September 2019 executive order 13877 - executive orders are publicly registered and accessible - The order is so prophetic I am surprised there is no mention of the GME AMC short squeeze in 2021 or the VIX spike/crush,,,,,,,,,,,,,
Motley fool has released at least 2 ads this weekend saying GME short squeeze is over and only 25% short interest remains ğŸ¤£ğŸ¤£ğŸ¤£ like thats not a lotğŸ¤£ğŸ¤£ğŸ¤£ Nice try!!ğŸ’ğŸ‘ğŸ¦,GME and AMC to the MğŸŒğŸŒğŸŒğŸŒN!!!!,,,,,,,,,,,,,
We are nearly there. Keep buying till the end @GME @AMC ğŸ¦ğŸ¦ğŸ¦ğŸ¦,Building strong bones... #GME #AMC #NAKD,,,,,,,,,,,,,
Short sellers moving from GME and AMC,AMC!!! Letâ€™s go,,,,,,,,,,,,,
GME Forecast in Fidelity !! 16K ğŸš€ğŸš€ğŸš€,AMC Game Plan VS Actual (credit: @medicmom77),,,,,,,,,,,,,
Take me to the moon GME song (Youâ€™re Welcome Apes),Fortnite got AMC &amp; GME shares also AND tellin those paper hands NOT to sell. 300 AMC @ $11 &amp; 3 GME @ $205. Apes stay fucking strong. GoodnightğŸ˜˜,,,,,,,,,,,,,
WHEN GME HITS 300 AGAIN AND I BREAK EVEN,AMC shares vote.,,,,,,,,,,,,,
Two times bought and sold GME just days before the squeeze. (for a loss),Good stock book? $AMC $GME to the moon. About the books ğŸ“š,,,,,,,,,,,,,
"What implications can we expect from the presidents tweet? What does this mean for GME hodlers? Is there a reason to be concerned for the MOASS, moon squeeze?",People buying AMC just blow my mind,,,,,,,,,,,,,
I talked to the folks at performance center and we are guaranteed some positive performance on GME this week.,"Maybe we should ask DFV what he thinks of AMC. If he says ""I like the stock"" I'll seriously YOLO like GME! ğŸš€ğŸš€ğŸš€ ğŸ¿ğŸ¿ğŸ¿",,,,,,,,,,,,,
Bought this but never looked at the label. I just liked the colors and saw it was a triple IPA. Decided to crack open a cold one with the Easter Bunny and GME gods shined some light. This APE is buying more GME tomorrow and holding strong #Diamondhandz,Warning Technical analysis. AMC is looking good to me today.,,,,,,,,,,,,,
"""My hat's off to those still holding with diamond hands."" Quote from article describing how GME could reach $1,000. https://investorplace.com/2021/04/the-case-for-gamestop-hitting-1000-this-year/",How long until AMC is profitable?,,,,,,,,,,,,,
Bought this maybe 3 weeks ago because the colors were nice but didnâ€™t look at the label... decided to crack open a cold one today and bought more GME #diamondhandz,AMC's 500 million shares approval is being downvoted so they are asking shareholders to change their votes. Stay strong apes!,,,,,,,,,,,,,
ğŸ¦ğŸš€$GME APRIL MOON LAUNCH?!?!ğŸš€ğŸ¦ *Evidence* ğŸ’ğŸ¤²,This is on Fortnite ..... ğŸ˜‰ BUY HOLD WIN! Then it says TO THE MOON bttm right ğŸ˜ ğŸ˜‰#GME #AMC,,,,,,,,,,,,,
Canadian Apes holding 10 shares of GME for life !!! Enjoying the roller coaster,,,,,,,,,,,,,,
My brain is very smooth but I want to learn how to trade options /calls for GME and AMC,,,,,,,,,,,,,,
I graphed $GME chart on my $PTON. Extremely bullish. ğŸš€ğŸ¦ğŸŒ•,,,,,,,,,,,,,,
I graphed $GME chart on my $PTON. Looks bullish. ğŸ¦ğŸš€ğŸŒ•,,,,,,,,,,,,,,
I sold my (not many) GME stock,,,,,,,,,,,,,,
What to expect from GME this week,,,,,,,,,,,,,,
Links to good bearish DD on GME,,,,,,,,,,,,,,
"Please someone explain to me, as a simple ape, who pays us for our GME shares when they reach moon-numbers like 1million dollars?",,,,,,,,,,,,,,
The Next Big Squeeze (not GME) and Why Itâ€™ll Happen This Week,,,,,,,,,,,,,,
I just watched â€˜The Big Shortâ€™ and â€˜Margin Callâ€™ and I AM JACKED TO THE TITS. #GME TO THE MOON! ğŸš€ğŸš€ğŸš€ğŸš€ğŸš€ğŸš€,,,,,,,,,,,,,,
"Deep Fucking Analysis beyond GME, More UNDERVALUATIONS",,,,,,,,,,,,,,
What's better than GME?,,,,,,,,,,,,,,
Trends are not looking good for GME &amp; AMC,,,,,,,,,,,,,,
GME...Easter Sunday. Empty parking lot. Except...hedge fund assassins.,,,,,,,,,,,,,,
Iâ€™m sneaking into Tesla tmrw and putting GME on the fucking rocket. iâ€™ve been planning on freeing the apes in SF zoo and flying a fucking helicopter to texas. Iâ€™m sneaking in to meet motherfucking elon and iâ€™m sticking GME on the side of the rocket. We going to mars with it. rmbr boys,,,,,,,,,,,,,,
My Homework Explains GME! We Like the Stock,,,,,,,,,,,,,,
Accounting Homework Explaining GME - We Like the Stock!,,,,,,,,,,,,,,
GOPRO == GME?,,,,,,,,,,,,,,
Ape Skillsâ€”Hedgies be Warned! $AMC ğŸš€ğŸš€ğŸš€ğŸš€$GME,,,,,,,,,,,,,,
Motley Fool has some interesting Short Squeeze options for us this week. ROOT &amp; ICPT have higher short interest AND will take longer to cover than GME or AMC.,,,,,,,,,,,,,,
WANT EXTRA MONEY TO BUY MORE $GME THEN MINE CRYPTOCURRENCY USING THIS LINK?,,,,,,,,,,,,,,
Fraud in GME ownership. Illegal naked shorting was just the beginning.,,,,,,,,,,,,,,
GME,,,,,,,,,,,,,,
Massive fraud in GME ownership... Naked shorts were just the beginning...,,,,,,,,,,,,,,
OPEN LETTER TO ALL GME HOLDERS: WE HAVE ALREADY MOVED MOUNTAINS WHY STOP NOW,,,,,,,,,,,,,,
NOT MY POSTED WAS POSTED ON R/GME. REMEMBER HOW LUCKY U ARE!,,,,,,,,,,,,,,
$GME Duck on treadmill pattern very bullish,,,,,,,,,,,,,,
$GME duck on treadmill pattern very bullish,,,,,,,,,,,,,,
"The Lower Fly is Shytadel and the Upper Fly is an Ape , posing as a fly! $GME",,,,,,,,,,,,,,
Apes in synchronized action = one huge single whale! Shareholders are true owner of GME. Shareholders annual general meeting = catalyst to start the snowball effect for MOASS!,,,,,,,,,,,,,,
CYDY is the next GME (and it actually saves the planet of the apes),,,,,,,,,,,,,,
"Deeper Look into GME, BLATANT UNDERVALUATION",,,,,,,,,,,,,,
Fellow ğŸ¦ share his experience with GME on live TV in Spain. ğŸ’ ğŸ™ŒğŸ». This is the way. He belongs here.,,,,,,,,,,,,,,
"A Deeper Look into GME, blatant fucking UNDERVALUATIONS.",,,,,,,,,,,,,,
"Full analysis of current GME SI, proof from the data it is much higher than stated, and how they are hiding it. DD",,,,,,,,,,,,,,
The Magic of GME! (AKA the ğŸ‘ğŸ’ ğŸš€ğŸŒ• prophecy come true),,,,,,,,,,,,,,
AMC and GME to the ğŸŒ™ğŸš€ğŸŒ™ğŸš€ğŸŒ™ğŸš€,,,,,,,,,,,,,,
"I wouldâ€™ve thought this was written by one of you apes if it wasnâ€™t written in 2014, word for word what is happening to GME currently.",,,,,,,,,,,,,,
##BE GREEDY #AMC100k #GME2M,,,,,,,,,,,,,,
Archegos was liquidated out of $GME short position in late February,,,,,,,,,,,,,,
Is that the Target price for $GME?,,,,,,,,,,,,,,
Do it! GME go brr ğŸ˜ (look at the song),,,,,,,,,,,,,,
The magic of GME!,,,,,,,,,,,,,,
Apes own GME as shareholders! All apes recalling at once is one single huge whale! Apes synchronized action is catalyst!,,,,,,,,,,,,,,
Apes waiting for Melvin Capital to release their March loss porn later this week ğŸ¤¤ $GME,,,,,,,,,,,,,,
Low effort GME meme,,,,,,,,,,,,,,
Do you know who really owns GME? And do apes know what happens if apes donâ€™t recall shares to vote before the vote registry deadline?,,,,,,,,,,,,,,
A Culmination of GME Research,,,,,,,,,,,,,,
"Serious question: Do apes want a MOASS? If not recall of shares to vote before the registry deadline: 1. Ape loose right to vote as owner of GME, 2. Shorty HF donâ€™t have to return shares all at once.... meaning no MOASS!",,,,,,,,,,,,,,
A Culmination of GME Research,,,,,,,,,,,,,,
A Culmination of GME Research,,,,,,,,,,,,,,
"Montly Fool has been on fire with posting distractions. This article promotes upcoming short squeezes however goes to say GME AMC, SNDL are not squeeze candidates but Fastly, Root and intercept are... nice try",,,,,,,,,,,,,,
GME,,,,,,,,,,,,,,
GME REAL PRICE ?,,,,,,,,,,,,,,
Me with 1 GME share waiting for the big squeeze.,,,,,,,,,,,,,,
ğŸš€GMEğŸš€,,,,,,,,,,,,,,
Happy Easter. $GME to the moon,,,,,,,,,,,,,,
When GME Announces the new CEO,,,,,,,,,,,,,,
The Next GME?!,,,,,,,,,,,,,,
The Next GME?!,,,,,,,,,,,,,,
GME for Life,,,,,,,,,,,,,,
ARCHEGOS LIQUIDATION IS RELATED TO GME SHORT POSITION,,,,,,,,,,,,,,
ARCHEGOS LIQUIDATION IS RELATED TO GME SHORT POSITION,,,,,,,,,,,,,,
Germany ğŸ‡©ğŸ‡ª is still Holding fellow ğŸ¦ AMC and GME / I keep it thoro,,,,,,,,,,,,,,
Institutions in GME increased 2% than Last month &amp; RC owns 4 times more shares than George,,,,,,,,,,,,,,
GME swaps?,,,,,,,,,,,,,,
"If I purchased GME stock via market order, did I make a big mistake come the squeeze?",,,,,,,,,,,,,,
[$GME] The Run of the Golden Bull,,,,,,,,,,,,,,
[$GME] The Run of the Golden Bull,,,,,,,,,,,,,,
GME STOCK ANNOUNCES NEW HIRINGS!! BREAKING NEWS!! TIME TO BUY?? Gamestop Stock Price Prediction,,,,,,,,,,,,,,
ARCHEGOS CAPITAL WAS LIQUIDATED OUT OF SHORT POSITION IN SECOND LATE FEBRUARY $GME SHORT SQUEEZE,,,,,,,,,,,,,,
Germany ğŸ‡©ğŸ‡ª is still Holding fellow ğŸ¦ AMC and GME / I keep it thoro,,,,,,,,,,,,,,
Institutions in GME increased 2% than Last month &amp; RC owns 4 times more shares than George,,,,,,,,,,,,,,
Live footages of me choosing how many GME Iâ€™ll buy today,,,,,,,,,,,,,,
You think he has GME shares?ğŸ¤·ğŸ»â€â™‚ï¸ğŸ¤£,,,,,,,,,,,,,,
Next GME is CCIV.,,,,,,,,,,,,,,
The way GME worksğŸ˜‚,,,,,,,,,,,,,,
Checkout this yat for GME,,,,,,,,,,,,,,
"As a canadian, I want to find out the best way to hodl GME. I am currently using RBC direct investing, and I'm pretty sure from my DD that it's the best way to be going this. However, I'd like to find out if there's a better way?",,,,,,,,,,,,,,
"I donâ€™t know what to do! Adopt gorillas, throw an absurd amount of money into GME and watch it plummet, have sex with boyfriend but not husband and eat tendies is that sum it up?",,,,,,,,,,,,,,
"Short squeezes take center stage ( GME, AMC...) â“",,,,,,,,,,,,,,
GME $3936 confirmed,,,,,,,,,,,,,,
"LGIQ seems like a great way besides GME to squander my kidâ€™s inheritance in anticipation of a buyout. Currently sitting at $6 and change with a target of $20+. Just went in for 200 shares, and will be adding to position weekly. Stay tuned.",,,,,,,,,,,,,,
"So this exits, and yes there's actual (lego) money inside! GME TO THE MF MOON, APES!",,,,,,,,,,,,,,
"LGIQ seems like a great way besides GME to squander my kidâ€™s inheritance in anticipation of a buyout. Currently sitting at $6 and change with a target of $20+. Just went in for 200 shares, and will be adding to position weekly.",,,,,,,,,,,,,,
Is it too to late or even a good idea to buy some GME stock?,,,,,,,,,,,,,,
April 5 Big Catalyst GME Coming Cohens Rocket Ship Anniuncement,,,,,,,,,,,,,,
GME innovative use of PP&amp;E to diversify offerings,,,,,,,,,,,,,,
"Came to Miami and rented a rolls royce. This is the plate... btw I scraped it and im getting margin called now. Help... GME, do something.",,,,,,,,,,,,,,
"GME the Antimatter I don't know if everyone here understands the word Antimatter and more importantly the deepest meaning of diamond hands a stock NO MATHER WHAT! GME the Antimatter, oh i like this word... ğŸ¦§ğŸ¦ğŸ’ğŸ‘",,,,,,,,,,,,,,
Respect to another upstanding member of this community who likes to sing WSB sea shanties to the brethren super excited about GME,,,,,,,,,,,,,,
"How is GME short% of float 44.6%, when only 10.19M shares are shorted . This doesnâ€™t seem right .",,,,,,,,,,,,,,
"LISTEN UP YOU CRAYON EATING DINGLEBERRIES : $HOFV can TKAT x2 with the help of fellow apes. ( not a short/ hedge , Iâ€™m in GME as well ) we need you ğŸ¦ apes to push this thing to the moon. Fighting the shorts for weeks, letâ€™s send em packinâ€™",,,,,,,,,,,,,,
DestinyGME collectible NFT for diamond hands,,,,,,,,,,,,,,
DestinyGME collectible NFT minted,,,,,,,,,,,,,,
GME: Classic snek formation. We all know what that means,,,,,,,,,,,,,,
Apes we need your help!! Good cheap alternate when GME dip is too expensive. Shorters be shorting!,,,,,,,,,,,,,,
Bought a Rolex with my $GME tendies... Diamond hands ğŸ’ğŸ™Œ,,,,,,,,,,,,,,
"Listen up all you crayon eating dingleberries! $HOFV can TKAT x2 with all of you apes on board, been fighting $5. WAY OVER-SHORTED. We could x this thing by 10, ( and no Iâ€™m not a short/hedge. Iâ€™m in GME too. ) we make this thing go brrrr for all my fellow diamond handed assholes. ğŸš€",,,,,,,,,,,,,,
$GME (and $GTII) in the upcoming weeks... #AdvancedLevelFuckery,,,,,,,,,,,,,,
I sold my (not many) GME stock,,,,,,,,,,,,,,
$GME (and $GTII) in the upcoming weeks... #AdvancedLevelFuckery,,,,,,,,,,,,,,
Just found this gift card on the floor of a random ass port-a-potty in North Philly. I think itâ€™s a sign to buy more GME! ğŸ¦ğŸ¦ğŸ¦ğŸŒğŸŒğŸŒğŸš€ğŸš€ğŸš€ğŸš€ğŸš€ğŸš€,,,,,,,,,,,,,,
Just spotted this card on the floor of a random ass port-a-potty in North Philly. I think itâ€™s a sign to buy more $GME! ğŸ¦ğŸ¦ğŸ¦ğŸŒğŸŒğŸŒğŸš€ğŸš€ğŸš€,,,,,,,,,,,,,,
GME DD on April 2020 similarities to today,,,,,,,,,,,,,,
"GME to the moon. Excited about APES being able to pay off debts, take care of family and retire!!!",,,,,,,,,,,,,,
my final add on to shares should I do AMC or GME?,,,,,,,,,,,,,,
Ape diamonding handing GME ğŸ¦ğŸ¦ğŸ’ğŸ’ğŸ‘ğŸ‘,,,,,,,,,,,,,,
GME to the Moon!,,,,,,,,,,,,,,
GME DD on April 2020 similarities to today,,,,,,,,,,,,,,
GME and AMC was a great run but now it's time for something new.,,,,,,,,,,,,,,
GME DD: Similarities from April 2020 to today,,,,,,,,,,,,,,
GME next peak?,,,,,,,,,,,,,,
So I fulfilled one of my lifetimes dreams by using some gains from GME. Welcome to the family Mojo,,,,,,,,,,,,,,
GME about to ğŸš€ğŸš€,,,,,,,,,,,,,,
Next GME,,,,,,,,,,,,,,
"Buy $GME, projected from my $MVIS projector phone. ğŸ¦§ğŸ’ ğŸ§¤",,,,,,,,,,,,,,
"My mom acquired $98,000 of GME shares. Apparently Iâ€™m the sucker trying to diversify.",,,,,,,,,,,,,,
"GME, but the $TSLA version. DDD (Deep DD). I did the homework so you didn't have to.",,,,,,,,,,,,,,
Ban GME Posts,,,,,,,,,,,,,,
"Fidelityâ€™s Equity summary score for GME is 8.2/10, and in bullish territory now!",,,,,,,,,,,,,,
What happens when hedgies stop playing GME?,,,,,,,,,,,,,,
"My Fidelity Equity Summary score for GME is 8.2/10, and it is in bullish territory!",,,,,,,,,,,,,,
GME the most traded stock in Europe third time in a row,,,,,,,,,,,,,,
"My mate produces a radio show with lots of skits around a particular topic, last week it was about GME!",,,,,,,,,,,,,,
GME is B T C/USD time travelling? Or the natural pattern repetition of scarcity,,,,,,,,,,,,,,
"Short Interest Rate GME,AMC,SNDL",,,,,,,,,,,,,,
Iâ€™m preparation of becoming rich off GME Iâ€™ve decided to look after my health more seriously. Decided to run 3.86 miles for our apes (including me) who bought at $386 of the first peak. HODL my retards ğŸš€ğŸš€ğŸ’ğŸ’,,,,,,,,,,,,,,
[GME] Will we see another 100% increase next week?,,,,,,,,,,,,,,
"""Just buy more AMC and GME""",,,,,,,,,,,,,,
My wife boy friend made 7 000 000$ US or 1 000 000 000 CAD with GME. Sorry he speak french!,,,,,,,,,,,,,,
"ğŸš€ğŸš€ $800 AMC, $16,000 GME Forecast from Fidelity. MUST SEE ğŸŒğŸ¦",,,,,,,,,,,,,,
GME to the moon!!!! LOL,,,,,,,,,,,,,,
Occam's Razor and GME,,,,,,,,,,,,,,
I will HODL GME until I collect Social Security Checks. (Iâ€™m 30 years old),,,,,,,,,,,,,,
HBO released its own GME documentary,,,,,,,,,,,,,,
Winner! Poured it all into GME and AMC,,,,,,,,,,,,,,
"AMC $800 ,GME 1300$",,,,,,,,,,,,,,
Hedge monkeys on GME tulips,,,,,,,,,,,,,,
My local dunkin has a GME ad running 24/7,,,,,,,,,,,,,,
"Translates to ""Hold GME""",,,,,,,,,,,,,,
"Fidelity price forecast updated AMC to $800 and GME to $16,000 PER SHARE",,,,,,,,,,,,,,
[GME] Will we see another 100% increase next week?,,,,,,,,,,,,,,
Didn't know that DFV performs in the EuroVision festival (Norway) + bonus GME YOLO + story,,,,,,,,,,,,,,
I learned something important since this GME hype started which Iâ€™ve known for a while.,,,,,,,,,,,,,,
What happens when hedge funds stop shorting $GME?,,,,,,,,,,,,,,
Me saving every extra penny for more GME,,,,,,,,,,,,,,
"Semi-newbie here if Iâ€™m looking for a fast decent return in the next couple weeks at most, is GME game for that rn?",,,,,,,,,,,,,,
Why I think GME is going to Jupiter soon.,,,,,,,,,,,,,,
Why I think GME will literally go to planet Jupiter,,,,,,,,,,,,,,
GME YOLO,,,,,,,,,,,,,,
"GME has changed the world so much, even Fortnite has jumped on board ğŸ˜‚ğŸ’ğŸ™Œ Buy! hold! Win!",,,,,,,,,,,,,,
TRX-Currency : The GME of the cryptocurrency world? Letâ€™s make it happen,,,,,,,,,,,,,,
I posted this and got permanently banned from GME! ğŸ¤£,,,,,,,,,,,,,,
This ape bought a toy with some of my GME gains,,,,,,,,,,,,,,
Yoloed my whole portfolio into GME somehow I landed on 1111 shares... LETS GO!!!,,,,,,,,,,,,,,
"Spotted in Cronulla, Sydney Australia ğŸ‡¦ğŸ‡º- Shills trying their best to get us off the GME ğŸš€? Sorry, but these are ğŸ’ğŸ¤² not ğŸ¥ˆğŸ¤².",,,,,,,,,,,,,,
GME &amp; AMC holding like a moâ€™fo,,,,,,,,,,,,,,
10 Reasons why you should sell GME ASAP,,,,,,,,,,,,,,
Devils Advocate: GME,,,,,,,,,,,,,,
"GME...AMC... Now... MovieBloc ! We started the progress of $MBL 2 days in a row. We wonâ€™t stop. Get on the ship, we will need more ğŸ¦ for all the ğŸŒ we gonna have.",,,,,,,,,,,,,,
GME Believer? Convince me.,,,,,,,,,,,,,,
GME...AMC... Now what? $MBL. Letâ€™s engage the MovieBloc Content Platform! We already on it since 2 days. We will need more ğŸŒ &amp; ğŸ¦,,,,,,,,,,,,,,
If this isnâ€™t a sign from the gods then I donâ€™t know what is. My sonâ€™s craft that arrived in the snail mail today. GME ğŸš€,,,,,,,,,,,,,,
Saw this on r/GME thought everyone should too,,,,,,,,,,,,,,
Yoloed my whole portfolio into GME somehow I landed on 1111 shares... LETS GO!!!,,,,,,,,,,,,,,
"When the whole world unites! $GME and $AMC ! Donâ€™t believe that people are selling, everyone is holding! Apes together STRONG!",,,,,,,,,,,,,,
"The bears are served, who's hungry?. #GME",,,,,,,,,,,,,,
GME DRIFT,,,,,,,,,,,,,,
**GME ending or GME still evolving**,,,,,,,,,,,,,,
GME DRIFT Part I,,,,,,,,,,,,,,
Me when i buy $5 on GME,,,,,,,,,,,,,,
Fellow ğŸ¦ talks about his GME experience on live TV in Spain. ğŸ’ ğŸ™ŒğŸ». He belongs here. This is the way.,,,,,,,,,,,,,,
I am a fellow GME APE but I did my part for AMC as well ğŸ’ªğŸ¾,,,,,,,,,,,,,,
GME is on sale!,,,,,,,,,,,,,,
GME FLOOR - IMPORTANT!!!,,,,,,,,,,,,,,
WSB NFT proceeds going right back into GME,,,,,,,,,,,,,,
"GME 95@185. BANK ACCOUNTS 4@1.78. Not much left to donate, but Apes donâ€™t need much. APES TOGETHER STRONG",,,,,,,,,,,,,,
Average $GME Fan Starterpack,,,,,,,,,,,,,,
GME on sale?!,,,,,,,,,,,,,,
Huge find for GME and AMC!!,,,,,,,,,,,,,,
Arriving on the same day. It really is a good friday. Thanks GME,,,,,,,,,,,,,,
My kids brought this to my attention and asked if I had anything to do with this. My reply was there are a lot of fellow aps out there who would be proud to see this. GME holding still!!,,,,,,,,,,,,,,
Diamond Hands in Fortnite! AMC/GME ğŸš€ğŸŒ›ğŸ’ğŸ™Œ,,,,,,,,,,,,,,
Iâ€™m a dumb ape that continues to make poor investment choices. Holding 16 shares GME @$181. Hereâ€™s to turning this portfolio to a net positive in the coming weeks/months.ğŸ»ğŸ»ğŸš€ğŸš€ğŸš€ğŸš€ğŸš€ğŸ¦§,,,,,,,,,,,,,,
Is GME worth it at $200 per share?,,,,,,,,,,,,,,
Fellow ğŸ¦ talks about his GME experience on live TV in Spain. He belongs here. ğŸ’ ğŸ™ŒğŸ». This is the way.,,,,,,,,,,,,,,
Fellow ğŸ¦ talks about his GME experience on live TV in Spain. He belongs here. This is the way.,,,,,,,,,,,,,,
Available at GME WEBSITE GO GET YOURS ASAP should be sold out my Monday https://www.gamestop.com/clothing/mens/clothing/tops-shirts/products/monkey-business-t-shirt/11106290.html,,,,,,,,,,,,,,
"GME! DIAMOND HANDS! TO THE MOON! ğŸš€ğŸš€ğŸš€ğŸš€ğŸš€ğŸš€ğŸš€ğŸš€ğŸš€ğŸš€ğŸš€ğŸš€ğŸš€ğŸš€ğŸš€ğŸš€ LONG ISLAND, NY",,,,,,,,,,,,,,
OPK - Could be bigger than GME,,,,,,,,,,,,,,
Just put GME on an NFT.. TO THE MOON!!! Ape strong we are nearly there! 16th April we are partying in the jungles!,,,,,,,,,,,,,,
"GME to the moon, or bring the moon to us?",,,,,,,,,,,,,,
GME gains from January before Robinhood stole it all - paid off student loans and paid for wifeâ€™s boyfriendâ€™s braces - 1 call and 49 shares,,,,,,,,,,,,,,
GME gains from January - sold before Robinhood stole gains - paid off student loans and paid for wifeâ€™s boyfriendâ€™s braces,,,,,,,,,,,,,,
All the people who PAPERHANDED GME this week ğŸ§»ğŸ‘,,,,,,,,,,,,,,
Let's go GMEğŸ¥°!!!,,,,,,,,,,,,,,
Is GME buying EastBay?,,,,,,,,,,,,,,
She's all GME today baby... This is why we HODL! ğŸ¦â¤ï¸ğŸš€,,,,,,,,,,,,,,
GME Buying EastBay?,,,,,,,,,,,,,,
GME$ (G)et (M)oney (E)verydayğŸ’°,,,,,,,,,,,,,,
SEC reviews market activity regarding GME,,,,,,,,,,,,,,
GME #2??,,,,,,,,,,,,,,
GME is the Squeeze still on-going ?,,,,,,,,,,,,,,
"There are two times in a man's life when he should not speculate: when he can't afford it, and when he can. Mark Twain AMC , GME....TO THE MOON BABY....."" VAMOS A LA LUNA.....ğŸš€ğŸš€ğŸš€ğŸš€ğŸš€ğŸš€ğŸš€ğŸš€",,,,,,,,,,,,,,
"Apparently $GME is the 2nd most coveted stock behind $TSLA, based on the size of their floats and how fast that float is turning over.",,,,,,,,,,,,,,
Fortnite definitely has some GME ğŸ˜‚ğŸ™Œ,,,,,,,,,,,,,,
Remarkable consistency today for GME!,,,,,,,,,,,,,,
If You Want To Buy More GME Now - Here Is How To Buy Them Cheaper With My 1.5 Million Unrealized Profit YTD Strategy,,,,,,,,,,,,,,
I'm waiting on my AMC. When we gonna play like GME?,,,,,,,,,,,,,,
A Throwback - GME hitting 150 and shitty timing from me. (discord audio included),,,,,,,,,,,,,,
ROBINHOOD AFTER IT WILL BAN TRADING ON GME AGAIN!!!,,,,,,,,,,,,,,
Since its a long weekend. 20 trees planted. GME ğŸš€ğŸŒ•,,,,,,,,,,,,,,
A throwback - GME hitting 150 and the most shitty timing for me (discord audio included),,,,,,,,,,,,,,
GME &amp; Market Crash In General DD: Gender inequality in investment banking has created a signal for when a market crash or recession is going to occur. Specifically when women start being ushered into leadership positions.,,,,,,,,,,,,,,
Birthday Sign 30 today currently holding 60 GME since Jan and just received this from my Dad who knows nothing about the meaning of this to me ğŸ˜‚ğŸ˜‚ğŸ˜‚ Also I had to grind Reddit to meet the karma requirements to have this as my first official post ğŸ’ğŸ™ŒğŸ¦ğŸš€ğŸš€ğŸŒ,,,,,,,,,,,,,,
Seeing as its a long weekend. 20 trees planted in the name of GME. ğŸš€ğŸŒ•,,,,,,,,,,,,,,
Seeing as its a long weekend. 20 trees planted thanks to GME. ğŸš€ğŸŒ•,,,,,,,,,,,,,,
Fidelity is bullish on GME,,,,,,,,,,,,,,
AMA With Alexis Goldstein on r /GME,,,,,,,,,,,,,,
GME after care: What to do and how to handle it's addictive side affects.,,,,,,,,,,,,,,
As the $GME fight continues I believe we have found a new battle front fellow apes $sos,,,,,,,,,,,,,,
"Life is Dog e , Dog e is life. Love is dog e , dog e is love GME squeeze my gamma baby Iâ€™m feeling retarded",,,,,,,,,,,,,,
Sent my wife an Easter basket to her hospital work place... GME,,,,,,,,,,,,,,
I told my friends i invested in GME,,,,,,,,,,,,,,
"Found on a alley in Tucson. Not sure who the guy is, but the ape is wearing a suit! GME is the way",,,,,,,,,,,,,,
GME Lady ğŸ¦ with ğŸ’ ğŸ™Œ,,,,,,,,,,,,,,
Weekly GME BIAS from Investor Place,,,,,,,,,,,,,,
(Photo!) John Wick says buy more GME!,,,,,,,,,,,,,,
A simple meme farmer that canâ€™t YOLO on GME with the market closed...,,,,,,,,,,,,,,
GME DD - TO THE MOON!,,,,,,,,,,,,,,
Out here supporting GME with my 1 share ğŸ¥º,,,,,,,,,,,,,,
Officially ALL IN GME ~90k,,,,,,,,,,,,,,
Normal Day for GME holders,,,,,,,,,,,,,,
"On January 25th I went to rehab, holding GME. That same day GME exploded to &gt;$100. Have now been sober for over two months and this sub has changed my life in the process",,,,,,,,,,,,,,
"My friend reaction when I #GME_YOLO my life savings, celebrating by eating a crayon",,,,,,,,,,,,,,
This ape is playing video games (GME) and going to the movies (AMC) all while being naked.,,,,,,,,,,,,,,
Ape no fun today since banana store close. Still hanging around in jungle. Update. #GME,,,,,,,,,,,,,,
My friend made me this engraved light that changes colors if GME stock goes up/down,,,,,,,,,,,,,,
Painting Sign ğŸ¦ #GME,,,,,,,,,,,,,,
"Made a song &amp; video with shout outs to Wallstreetbets ""Buy more GME - adopt a Chimpanzee"" b2b DJing inside a Gamestop store, exploding cybertrucks etc. Hope you guys like it. Big up.",,,,,,,,,,,,,,
"Made a song &amp; video including shout outs to Wallstreetbets: ""Buy more GME - adopt a Chimpanzee"" b2b DJing inside a Gamestop, exploding Cybertrucks etc.",,,,,,,,,,,,,,
Joel Greenblatt talking about GME in 2011,,,,,,,,,,,,,,
Are you peaking? GME,,,,,,,,,,,,,,
GME - 'nuff said ğŸš€,,,,,,,,,,,,,,
"""When GME goes under Ill buy sharks with freaking laser beams attached to their foreheads"" -Ken Griffy",,,,,,,,,,,,,,
please explain GME ?,,,,,,,,,,,,,,
Low effort dont care SMD. 50/50 entire portfolio $BB and GME,,,,,,,,,,,,,,
"$3M+ in GME YOLO, happy easter boys",,,,,,,,,,,,,,
I canâ€™t afford stock for GME. Anyone want to pay off my debt so I could jump on? My debt is $10k lol,,,,,,,,,,,,,,
Another top regulator resigns to go work for Ken Griffin... Itâ€™s like watching Bobby Axelrod in real life. Iâ€™m holding $GME and $AMC as long as I can!,,,,,,,,,,,,,,
Another top regulator resigns to go work for Ken Griffin... Itâ€™s like watching Bobby Axelrod in real life. Iâ€™m holding $GME and $AMC as long as I can!,,,,,,,,,,,,,,
John Wick â€œyeaâ€ in his POINT BREAK buy GME !!!4600 percent guys! And broke 2 milii by ty CBC,,,,,,,,,,,,,,
This is the real DD that started GME,,,,,,,,,,,,,,
Yâ€™all are twisting and turning over GME but WLL is almost guaranteed to triple this year ğŸ˜,,,,,,,,,,,,,,
Want to get mind blown ğŸ¤¯ for April fools ??? Then read Trumps September 2019 executive order 13877 - executive orders are publicly registered and accessible - The order is so prophetic I am surprised there is no mention of the GME AMC short squeeze in 2021 or the VIX spike/crush,,,,,,,,,,,,,,
Thanks to u/heresacorrection we can see that GME stock price peaks when the moon is closest to Earth,,,,,,,,,,,,,,
*Entire portfolio is GME* tendie lords send fun little messages... Nice.,,,,,,,,,,,,,,
When your entire portfolio is GME (rightfully) and the tendie lords send you little signs for fun. *clears throat* We arenâ€™t fuckin leavin!!!!,,,,,,,,,,,,,,
Why I Invest In GME. Don't Get Confused!,,,,,,,,,,,,,,
Visualize ETF FTDs on GME/NVAX,,,,,,,,,,,,,,
Quit My Job Yesterday After Made 1.5 Million On GME ~ 5 Hours Wait Time For Filing my Unemployment Claim &gt;&gt;&gt;WTF&lt;&lt;&lt; What Should I Do?,,,,,,,,,,,,,,
Actual footage of the GME squeeze:,,,,,,,,,,,,,,
GME and AMC to the MğŸŒğŸŒğŸŒğŸŒN!!!!,,,,,,,,,,,,,,
Why I Buy GME. Don't Get Confused!,,,,,,,,,,,,,,
Why I invest in GME. Don't Get Confused!,,,,,,,,,,,,,,
Tradin in REAL DIAMOND RING FOR MORE GME! Ima real diamond hands girlillağŸ¦ğŸ’ğŸ’ğŸ’ğŸ’ğŸ’ğŸš€ğŸ‘©,,,,,,,,,,,,,,
"I made this when GME went from $10 TO $30. no one cared, but wow did it age well.",,,,,,,,,,,,,,
Building strong bones... #GME #AMC #NAKD,,,,,,,,,,,,,,
GME: THE MOASS WON'T HAPPEN UNTIL OPTIONS ARE NOT REGULATED: DTC-2021-005 JUST CHANGED THE GAME. FASTEN YOUR SEATBELT,,,,,,,,,,,,,,
Fortnite got AMC &amp; GME shares also AND tellin those paper hands NOT to sell. 300 AMC @ $11 &amp; 3 GME @ $205. Apes stay fucking strong. GoodnightğŸ˜˜,,,,,,,,,,,,,,
Good stock book? $AMC $GME to the moon. About the books ğŸ“š,,,,,,,,,,,,,,
GME YOLO update â€” Apr 1 2021,,,,,,,,,,,,,,
GME ğŸš€DREAM TEAM in da house! Apes and GME have a planğŸ’ğŸ–ğŸ»ğŸ–ğŸ»ğŸ’ğŸš€ğŸŒ–,,,,,,,,,,,,,,
"Maybe we should ask DFV what he thinks of AMC. If he says ""I like the stock"" I'll seriously YOLO like GME! ğŸš€ğŸš€ğŸš€ ğŸ¿ğŸ¿ğŸ¿",,,,,,,,,,,,,,
GME YOLO update â€” Apr 1 2021,,,,,,,,,,,,,,
Fortnite GME Reference - Diamond Hanz !,,,,,,,,,,,,,,
Fortnite GME Reference !,,,,,,,,,,,,,,
Fortnite GME Reference,,,,,,,,,,,,,,
Fortnite has added a diamond handz skin to its game. GME to the MOON!!! ğŸš€ğŸš€ğŸš€,,,,,,,,,,,,,,
GME YOLO update â€” Apr 1 2021,,,,,,,,,,,,,,
Where the GME saga began...,,,,,,,,,,,,,,
How to find new GME?,,,,,,,,,,,,,,
I got high today and bought back into GME,,,,,,,,,,,,,,
"I work at a bar in LA and someone wrote ""Buy GME"" on our outdoor walls so I drew ğŸ’ğŸ™Œ! Thanks for stopping by! ğŸš€ğŸŒ•",,,,,,,,,,,,,,
"Footage of me, running around, flaunting my one share of GME",,,,,,,,,,,,,,
"If Citadel agrees to cover the cost of this drug, I promise to sell 2 of my shares of GME. You have my word!",,,,,,,,,,,,,,
Should I spend Vbucks on Diamond Hanz or invest in more GME?,,,,,,,,,,,,,,
"$3M+ in GME YOLO, happy easter boys",,,,,,,,,,,,,,
This is on Fortnite ..... ğŸ˜‰ BUY HOLD WIN! Then it says TO THE MOON bttm right ğŸ˜ ğŸ˜‰#GME #AMC,,,,,,,,,,,,,,
Sold GME for pltr letâ€™s go CATHY?!?!?,,,,,,,,,,,,,,
SOLD 40 GME shares for pltr woo boo!,,,,,,,,,,,,,,
